totalshoppertraffic_visitors,digital_orders,cust_prospect_ind,visit_device_type,event_dt,rate
360930,1024,UNDETERMINED,All Devices,3/12/19,0.283711523
13030,291,CUSTOMER,Tablet,3/12/19,2.233307751
927,0,UNDETERMINED,Gaming Console,3/12/19,0
251155,4879,CUSTOMER,All Devices,3/12/19,1.942625072
161097,3820,CUSTOMER,Desktop,3/12/19,2.371242171
21400,90,PROSPECT,Mobile Phone,3/12/19,0.420560748
270573,1161,All Visitors,Mobile Phone,3/12/19,0.429089377
16,1,CUSTOMER,Gaming Console,3/12/19,6.25
352032,4574,All Visitors,Desktop,3/12/19,1.299313699
3107,14,PROSPECT,Tablet,3/12/19,0.45059543
33368,374,All Visitors,Tablet,3/12/19,1.120834332
45624,207,PROSPECT,All Devices,3/12/19,0.453708574
657024,6110,All Visitors,All Devices,3/12/19,0.929950808
20966,103,PROSPECT,Desktop,3/12/19,0.491271583
163,0,PROSPECT,Gaming Console,3/12/19,0
172380,304,UNDETERMINED,Mobile Phone,3/12/19,0.176354565
1106,1,All Visitors,Gaming Console,3/12/19,0.090415913
170359,651,UNDETERMINED,Desktop,3/12/19,0.382134199
77045,767,CUSTOMER,Mobile Phone,3/12/19,0.995522097
17273,69,UNDETERMINED,Tablet,3/12/19,0.399467377
1605,4,PROSPECT,Tablet,2/3/19,0.249221184
36930,292,All Visitors,Tablet,2/3/19,0.79068508
17097,62,PROSPECT,All Devices,2/3/19,0.36263672
452830,3374,All Visitors,All Devices,2/3/19,0.745091977
6593,26,PROSPECT,Desktop,2/3/19,0.394357652
8,1,PROSPECT,Gaming Console,2/3/19,12.5
189335,597,UNDETERMINED,Mobile Phone,2/3/19,0.315314126
110,2,All Visitors,Gaming Console,2/3/19,1.818181818
143947,1216,UNDETERMINED,Desktop,2/3/19,0.844755361
32030,294,CUSTOMER,Mobile Phone,2/3/19,0.917889479
29660,157,UNDETERMINED,Tablet,2/3/19,0.529332434
363015,1970,UNDETERMINED,All Devices,2/3/19,0.5426773
6216,131,CUSTOMER,Tablet,2/3/19,2.107464607
103,0,UNDETERMINED,Gaming Console,2/3/19,0
79856,1342,CUSTOMER,All Devices,2/3/19,1.680524945
41618,916,CUSTOMER,Desktop,2/3/19,2.200970734
8892,31,PROSPECT,Mobile Phone,2/3/19,0.34862798
226302,922,All Visitors,Mobile Phone,2/3/19,0.407420173
3,1,CUSTOMER,Gaming Console,2/3/19,33.33333333
189542,2158,All Visitors,Desktop,2/3/19,1.13853394
83629,1897,CUSTOMER,Desktop,3/21/19,2.268351888
12103,58,PROSPECT,Mobile Phone,3/21/19,0.479220028
339804,1233,All Visitors,Mobile Phone,3/21/19,0.362856235
5,0,CUSTOMER,Gaming Console,3/21/19,0
274311,4165,All Visitors,Desktop,3/21/19,1.51834961
1,0,All Visitors,E-Reader,3/21/19,0
1451,3,PROSPECT,Tablet,3/21/19,0.206753963
37658,385,All Visitors,Tablet,3/21/19,1.022359127
23836,110,PROSPECT,All Devices,3/21/19,0.461486827
653760,5783,All Visitors,All Devices,3/21/19,0.884575379
10019,49,PROSPECT,Desktop,3/21/19,0.489070766
268,0,PROSPECT,Gaming Console,3/21/19,0
278565,801,UNDETERMINED,Mobile Phone,3/21/19,0.287545097
2104,0,All Visitors,Gaming Console,3/21/19,0
185557,2219,UNDETERMINED,Desktop,3/21/19,1.195858954
1,0,UNDETERMINED,E-Reader,3/21/19,0
56338,374,CUSTOMER,Mobile Phone,3/21/19,0.663850332
29032,240,UNDETERMINED,Tablet,3/21/19,0.826674015
494932,3260,UNDETERMINED,All Devices,3/21/19,0.658676343
7882,142,CUSTOMER,Tablet,3/21/19,1.801573205
1838,0,UNDETERMINED,Gaming Console,3/21/19,0
147825,2413,CUSTOMER,All Devices,3/21/19,1.632335532
13215,81,PROSPECT,Desktop,3/7/19,0.612939841
125,0,PROSPECT,Gaming Console,3/7/19,0
166757,513,UNDETERMINED,Mobile Phone,3/7/19,0.307633263
906,0,All Visitors,Gaming Console,3/7/19,0
159627,1610,UNDETERMINED,Desktop,3/7/19,1.008601302
52630,458,CUSTOMER,Mobile Phone,3/7/19,0.870226107
17178,106,UNDETERMINED,Tablet,3/7/19,0.617068343
344330,2229,UNDETERMINED,All Devices,3/7/19,0.647344118
7143,149,CUSTOMER,Tablet,3/7/19,2.085958281
784,0,UNDETERMINED,Gaming Console,3/7/19,0
162285,3087,CUSTOMER,All Devices,3/7/19,1.902209077
102523,2480,CUSTOMER,Desktop,3/7/19,2.418969402
11771,78,PROSPECT,Mobile Phone,3/7/19,0.662645485
227320,1049,All Visitors,Mobile Phone,3/7/19,0.461464015
6,0,CUSTOMER,Gaming Console,3/7/19,0
271604,4171,All Visitors,Desktop,3/7/19,1.535691669
1471,4,PROSPECT,Tablet,3/7/19,0.271923861
25405,259,All Visitors,Tablet,3/7/19,1.019484353
26578,163,PROSPECT,All Devices,3/7/19,0.613289187
525185,5479,All Visitors,All Devices,3/7/19,1.043251426
15102,303,CUSTOMER,Tablet,3/29/19,2.006356774
2255,0,UNDETERMINED,Gaming Console,3/29/19,0
264358,4831,CUSTOMER,All Devices,3/29/19,1.827446115
140633,3591,CUSTOMER,Desktop,3/29/19,2.553454737
21094,103,PROSPECT,Mobile Phone,3/29/19,0.488290509
394263,1500,All Visitors,Mobile Phone,3/29/19,0.3804567
12,0,CUSTOMER,Gaming Console,3/29/19,0
267532,4187,All Visitors,Desktop,3/29/19,1.565046424
2675,7,PROSPECT,Tablet,3/29/19,0.261682243
41521,373,All Visitors,Tablet,3/29/19,0.898340599
37694,179,PROSPECT,All Devices,3/29/19,0.474876638
706084,6060,All Visitors,All Devices,3/29/19,0.858254825
13312,69,PROSPECT,Desktop,3/29/19,0.518329327
619,0,PROSPECT,Gaming Console,3/29/19,0
264810,460,UNDETERMINED,Mobile Phone,3/29/19,0.173709452
2886,0,All Visitors,Gaming Console,3/29/19,0
113833,527,UNDETERMINED,Desktop,3/29/19,0.462958896
108682,937,CUSTOMER,Mobile Phone,3/29/19,0.862148286
23803,63,UNDETERMINED,Tablet,3/29/19,0.26467252
404662,1050,UNDETERMINED,All Devices,3/29/19,0.259475809
435,4,PROSPECT,Tablet,2/22/19,0.91954023
43525,648,All Visitors,Tablet,2/22/19,1.48879954
6717,54,PROSPECT,All Devices,2/22/19,0.803930326
788164,13084,All Visitors,All Devices,2/22/19,1.660060597
3013,26,PROSPECT,Desktop,2/22/19,0.862927315
2,0,PROSPECT,Gaming Console,2/22/19,0
350355,3463,UNDETERMINED,Mobile Phone,2/22/19,0.988426025
374,0,All Visitors,Gaming Console,2/22/19,0
362604,8435,UNDETERMINED,Desktop,2/22/19,2.326229165
13225,118,CUSTOMER,Mobile Phone,2/22/19,0.892249527
41597,609,UNDETERMINED,Tablet,2/22/19,1.464047888
754800,12507,UNDETERMINED,All Devices,2/22/19,1.656995231
1827,35,CUSTOMER,Tablet,2/22/19,1.915708812
373,0,UNDETERMINED,Gaming Console,2/22/19,0
33127,523,CUSTOMER,All Devices,2/22/19,1.578772602
18078,370,CUSTOMER,Desktop,2/22/19,2.04668658
3267,24,PROSPECT,Mobile Phone,2/22/19,0.734618916
363480,3605,All Visitors,Mobile Phone,2/22/19,0.991801475
380936,8831,All Visitors,Desktop,2/22/19,2.318237184
280586,4180,All Visitors,Desktop,2/24/19,1.489739331
1,0,All Visitors,E-Reader,2/24/19,0
3368,6,PROSPECT,Tablet,2/24/19,0.178147268
46449,476,All Visitors,Tablet,2/24/19,1.024779866
36653,128,PROSPECT,All Devices,2/24/19,0.349221073
679961,6259,All Visitors,All Devices,2/24/19,0.92049397
14612,51,PROSPECT,Desktop,2/24/19,0.349028196
16,0,PROSPECT,Gaming Console,2/24/19,0
243693,435,UNDETERMINED,Mobile Phone,2/24/19,0.178503281
390,1,All Visitors,Gaming Console,2/24/19,0.256410256
152059,687,UNDETERMINED,Desktop,2/24/19,0.451798315
1,0,UNDETERMINED,E-Reader,2/24/19,0
90549,1096,CUSTOMER,Mobile Phone,2/24/19,1.210394372
27062,58,UNDETERMINED,Tablet,2/24/19,0.214322666
423118,1181,UNDETERMINED,All Devices,2/24/19,0.279118355
16051,412,CUSTOMER,Tablet,2/24/19,2.566818267
361,1,UNDETERMINED,Gaming Console,2/24/19,0.27700831
220731,4950,CUSTOMER,All Devices,2/24/19,2.242548623
114164,3442,CUSTOMER,Desktop,2/24/19,3.014960933
18666,71,PROSPECT,Mobile Phone,2/24/19,0.380370728
352651,1602,All Visitors,Mobile Phone,2/24/19,0.454273489
13,0,CUSTOMER,Gaming Console,2/24/19,0
45918,444,All Visitors,Tablet,2/20/19,0.966941069
55877,223,PROSPECT,All Devices,2/20/19,0.39909086
796812,8041,All Visitors,All Devices,2/20/19,1.009146449
26020,118,PROSPECT,Desktop,2/20/19,0.45349731
24,0,PROSPECT,Gaming Console,2/20/19,0
218535,605,UNDETERMINED,Mobile Phone,2/20/19,0.276843526
162,2,All Visitors,Gaming Console,2/20/19,1.234567901
196671,1235,UNDETERMINED,Desktop,2/20/19,0.627952265
107535,1250,CUSTOMER,Mobile Phone,2/20/19,1.162412238
25169,101,UNDETERMINED,Tablet,2/20/19,0.401287298
440457,1941,UNDETERMINED,All Devices,2/20/19,0.440678659
16598,333,CUSTOMER,Tablet,2/20/19,2.006265815
124,0,UNDETERMINED,Gaming Console,2/20/19,0
301569,5877,CUSTOMER,All Devices,2/20/19,1.948807736
177510,4292,CUSTOMER,Desktop,2/20/19,2.41789195
25639,95,PROSPECT,Mobile Phone,2/20/19,0.370529272
351236,1950,All Visitors,Mobile Phone,2/20/19,0.555182271
14,2,CUSTOMER,Gaming Console,2/20/19,14.28571429
399642,5645,All Visitors,Desktop,2/20/19,1.4125142
4206,10,PROSPECT,Tablet,2/20/19,0.237755587
1,0,UNDETERMINED,E-Reader,2/25/19,0
78615,864,CUSTOMER,Mobile Phone,2/25/19,1.099026903
22099,58,UNDETERMINED,Tablet,2/25/19,0.262455315
417711,1250,UNDETERMINED,All Devices,2/25/19,0.29924996
12712,345,CUSTOMER,Tablet,2/25/19,2.713971051
755,0,UNDETERMINED,Gaming Console,2/25/19,0
249361,5304,CUSTOMER,All Devices,2/25/19,2.127036706
158064,4095,CUSTOMER,Desktop,2/25/19,2.590722745
15417,46,PROSPECT,Mobile Phone,2/25/19,0.298371927
305779,1265,All Visitors,Mobile Phone,2/25/19,0.413697474
11,0,CUSTOMER,Gaming Console,2/25/19,0
358322,5000,All Visitors,Desktop,2/25/19,1.395392971
1,0,All Visitors,E-Reader,2/25/19,0
2415,4,PROSPECT,Tablet,2/25/19,0.16563147
37113,407,All Visitors,Tablet,2/25/19,1.096650769
36643,119,PROSPECT,All Devices,2/25/19,0.324755069
701911,6673,All Visitors,All Devices,2/25/19,0.95069033
18804,68,PROSPECT,Desktop,2/25/19,0.361625186
12,1,PROSPECT,Gaming Console,2/25/19,8.333333333
212441,355,UNDETERMINED,Mobile Phone,2/25/19,0.16710522
778,1,All Visitors,Gaming Console,2/25/19,0.128534704
182449,837,UNDETERMINED,Desktop,2/25/19,0.458758338
48238,485,CUSTOMER,Mobile Phone,2/4/19,1.005431403
29149,179,UNDETERMINED,Tablet,2/4/19,0.614086247
454120,2423,UNDETERMINED,All Devices,2/4/19,0.533559412
7674,175,CUSTOMER,Tablet,2/4/19,2.280427417
97,0,UNDETERMINED,Gaming Console,2/4/19,0
166224,3073,CUSTOMER,All Devices,2/4/19,1.848710174
110329,2413,CUSTOMER,Desktop,2/4/19,2.187094961
11000,60,PROSPECT,Mobile Phone,2/4/19,0.545454545
267604,1168,All Visitors,Mobile Phone,2/4/19,0.436465823
7,0,CUSTOMER,Gaming Console,2/4/19,0
330860,4104,All Visitors,Desktop,2/4/19,1.240403796
1718,6,PROSPECT,Tablet,2/4/19,0.349243306
37896,360,All Visitors,Tablet,2/4/19,0.949968334
26897,137,PROSPECT,All Devices,2/4/19,0.509350485
636388,5633,All Visitors,All Devices,2/4/19,0.885151826
14170,70,PROSPECT,Desktop,2/4/19,0.494001411
13,1,PROSPECT,Gaming Console,2/4/19,7.692307692
213592,623,UNDETERMINED,Mobile Phone,2/4/19,0.291677591
115,1,All Visitors,Gaming Console,2/4/19,0.869565217
211332,1621,UNDETERMINED,Desktop,2/4/19,0.76703954
14675,342,CUSTOMER,Tablet,2/17/19,2.330494037
123,0,UNDETERMINED,Gaming Console,2/17/19,0
199403,3721,CUSTOMER,All Devices,2/17/19,1.86607022
104522,2616,CUSTOMER,Desktop,2/17/19,2.502822372
19692,76,PROSPECT,Mobile Phone,2/17/19,0.38594353
299109,1086,All Visitors,Mobile Phone,2/17/19,0.363078343
12,0,CUSTOMER,Gaming Console,2/17/19,0
260962,3235,All Visitors,Desktop,2/17/19,1.239644086
3693,7,PROSPECT,Tablet,2/17/19,0.189547793
43254,401,All Visitors,Tablet,2/17/19,0.927081888
39630,157,PROSPECT,All Devices,2/17/19,0.396164522
603395,4722,All Visitors,All Devices,2/17/19,0.782571947
16230,74,PROSPECT,Desktop,2/17/19,0.455945779
22,0,PROSPECT,Gaming Console,2/17/19,0
199485,247,UNDETERMINED,Mobile Phone,2/17/19,0.123818833
157,0,All Visitors,Gaming Console,2/17/19,0
140452,545,UNDETERMINED,Desktop,2/17/19,0.388032922
80231,763,CUSTOMER,Mobile Phone,2/17/19,0.951003976
24943,52,UNDETERMINED,Tablet,2/17/19,0.208475324
364962,844,UNDETERMINED,All Devices,2/17/19,0.231256953
259925,3792,All Visitors,Desktop,3/17/19,1.45888237
1,0,All Visitors,E-Reader,3/17/19,0
3474,11,PROSPECT,Tablet,3/17/19,0.316637881
37436,419,All Visitors,Tablet,3/17/19,1.119243509
39836,159,PROSPECT,All Devices,3/17/19,0.399136459
571953,5458,All Visitors,All Devices,3/17/19,0.954274215
14915,72,PROSPECT,Desktop,3/17/19,0.482735501
451,0,PROSPECT,Gaming Console,3/17/19,0
177973,282,UNDETERMINED,Mobile Phone,3/17/19,0.158451001
2390,0,All Visitors,Gaming Console,3/17/19,0
136378,507,UNDETERMINED,Desktop,3/17/19,0.371760841
1,0,UNDETERMINED,E-Reader,3/17/19,0
73535,889,CUSTOMER,Mobile Phone,3/17/19,1.20894812
20290,52,UNDETERMINED,Tablet,3/17/19,0.256283884
336549,841,UNDETERMINED,All Devices,3/17/19,0.249889318
13710,356,CUSTOMER,Tablet,3/17/19,2.596644785
1926,0,UNDETERMINED,Gaming Console,3/17/19,0
196150,4458,CUSTOMER,All Devices,3/17/19,2.272750446
108924,3213,CUSTOMER,Desktop,3/17/19,2.949763138
20998,76,PROSPECT,Mobile Phone,3/17/19,0.361939232
272256,1247,All Visitors,Mobile Phone,3/17/19,0.4580248
13,0,CUSTOMER,Gaming Console,3/17/19,0
631231,5145,All Visitors,All Devices,2/16/19,0.815074038
19629,103,PROSPECT,Desktop,2/16/19,0.524733812
24,0,PROSPECT,Gaming Console,2/16/19,0
196988,257,UNDETERMINED,Mobile Phone,2/16/19,0.1304648
130,2,All Visitors,Gaming Console,2/16/19,1.538461538
143518,612,UNDETERMINED,Desktop,2/16/19,0.426427347
88728,947,CUSTOMER,Mobile Phone,2/16/19,1.067306825
23217,49,UNDETERMINED,Tablet,2/16/19,0.211052246
363779,920,UNDETERMINED,All Devices,2/16/19,0.2529008
15588,374,CUSTOMER,Tablet,2/16/19,2.399281499
92,2,UNDETERMINED,Gaming Console,2/16/19,2.173913043
220569,4048,CUSTOMER,All Devices,2/16/19,1.835253367
116293,2727,CUSTOMER,Desktop,2/16/19,2.344939076
23749,64,PROSPECT,Mobile Phone,2/16/19,0.269485031
309146,1268,All Visitors,Mobile Phone,2/16/19,0.410162189
14,0,CUSTOMER,Gaming Console,2/16/19,0
279123,3442,All Visitors,Desktop,2/16/19,1.23314811
4192,10,PROSPECT,Tablet,2/16/19,0.238549618
42938,433,All Visitors,Tablet,2/16/19,1.008430761
47579,177,PROSPECT,All Devices,2/16/19,0.372012863
3956,10,PROSPECT,Tablet,2/1/19,0.252780586
39403,371,All Visitors,Tablet,2/1/19,0.941552674
46556,217,PROSPECT,All Devices,2/1/19,0.466105336
644248,5735,All Visitors,All Devices,2/1/19,0.890185146
21987,98,PROSPECT,Desktop,2/1/19,0.445717924
20,0,PROSPECT,Gaming Console,2/1/19,0
171096,346,UNDETERMINED,Mobile Phone,2/1/19,0.202225651
114,3,All Visitors,Gaming Console,2/1/19,2.631578947
158023,586,UNDETERMINED,Desktop,2/1/19,0.370832094
79575,833,CUSTOMER,Mobile Phone,2/1/19,1.046811184
21371,40,UNDETERMINED,Tablet,2/1/19,0.187169529
350533,972,UNDETERMINED,All Devices,2/1/19,0.27729201
14111,321,CUSTOMER,Tablet,2/1/19,2.274821062
77,0,UNDETERMINED,Gaming Console,2/1/19,0
247743,4546,CUSTOMER,All Devices,2/1/19,1.834966074
154086,3389,CUSTOMER,Desktop,2/1/19,2.199421103
20600,109,PROSPECT,Mobile Phone,2/1/19,0.529126214
271047,1288,All Visitors,Mobile Phone,2/1/19,0.475194339
17,3,CUSTOMER,Gaming Console,2/1/19,17.64705882
333776,4073,All Visitors,Desktop,2/1/19,1.220279469
347215,695,UNDETERMINED,All Devices,2/2/19,0.200164163
15636,372,CUSTOMER,Tablet,2/2/19,2.379125096
139,0,UNDETERMINED,Gaming Console,2/2/19,0
212136,4288,CUSTOMER,All Devices,2/2/19,2.021344798
113781,2946,CUSTOMER,Desktop,2/2/19,2.589184486
20558,88,PROSPECT,Mobile Phone,2/2/19,0.428057204
289723,1326,All Visitors,Mobile Phone,2/2/19,0.457678541
13,0,CUSTOMER,Gaming Console,2/2/19,0
266785,3398,All Visitors,Desktop,2/2/19,1.273684802
3923,8,PROSPECT,Tablet,2/2/19,0.203925567
44256,430,All Visitors,Tablet,2/2/19,0.971619667
42078,171,PROSPECT,All Devices,2/2/19,0.406388136
600854,5154,All Visitors,All Devices,2/2/19,0.857779094
17583,75,PROSPECT,Desktop,2/2/19,0.426548371
17,0,PROSPECT,Gaming Console,2/2/19,0
186678,268,UNDETERMINED,Mobile Phone,2/2/19,0.143562712
169,0,All Visitors,Gaming Console,2/2/19,0
135686,377,UNDETERMINED,Desktop,2/2/19,0.277847383
82752,970,CUSTOMER,Mobile Phone,2/2/19,1.172177108
24742,50,UNDETERMINED,Tablet,2/2/19,0.202085523
40190,161,PROSPECT,All Devices,2/18/19,0.400597163
682920,6217,All Visitors,All Devices,2/18/19,0.910355532
19964,74,PROSPECT,Desktop,2/18/19,0.370667201
17,1,PROSPECT,Gaming Console,2/18/19,5.882352941
204151,338,UNDETERMINED,Mobile Phone,2/18/19,0.165563725
126,1,All Visitors,Gaming Console,2/18/19,0.793650794
176174,797,UNDETERMINED,Desktop,2/18/19,0.452393656
1,0,UNDETERMINED,E-Reader,2/18/19,0
80245,815,CUSTOMER,Mobile Phone,2/18/19,1.015639604
23521,54,UNDETERMINED,Tablet,2/18/19,0.229582076
403903,1189,UNDETERMINED,All Devices,2/18/19,0.29437761
14472,386,CUSTOMER,Tablet,2/18/19,2.667219458
103,0,UNDETERMINED,Gaming Console,2/18/19,0
241654,4867,CUSTOMER,All Devices,2/18/19,2.014036598
146963,3666,CUSTOMER,Desktop,2/18/19,2.49450542
17265,81,PROSPECT,Mobile Phone,2/18/19,0.469157255
300448,1234,All Visitors,Mobile Phone,2/18/19,0.410719991
7,0,CUSTOMER,Gaming Console,2/18/19,0
341677,4537,All Visitors,Desktop,2/18/19,1.327862279
1,0,All Visitors,E-Reader,2/18/19,0
2954,5,PROSPECT,Tablet,2/18/19,0.169262018
40765,445,All Visitors,Tablet,2/18/19,1.091622716
398737,1031,UNDETERMINED,All Devices,3/14/19,0.258566423
16640,295,CUSTOMER,Tablet,3/14/19,1.772836538
1353,0,UNDETERMINED,Gaming Console,3/14/19,0
300844,5567,CUSTOMER,All Devices,3/14/19,1.850460704
183308,4342,CUSTOMER,Desktop,3/14/19,2.368690946
19984,108,PROSPECT,Mobile Phone,3/14/19,0.540432346
326274,1373,All Visitors,Mobile Phone,3/14/19,0.420811956
15,0,CUSTOMER,Gaming Console,3/14/19,0
375706,5090,All Visitors,Desktop,3/14/19,1.354782729
2847,6,PROSPECT,Tablet,3/14/19,0.210748156
39145,355,All Visitors,Tablet,3/14/19,0.90688466
43769,220,PROSPECT,All Devices,3/14/19,0.502638854
742669,6818,All Visitors,All Devices,3/14/19,0.918040204
20668,106,PROSPECT,Desktop,3/14/19,0.512870137
277,0,PROSPECT,Gaming Console,3/14/19,0
205591,335,UNDETERMINED,Mobile Phone,3/14/19,0.162944876
1645,0,All Visitors,Gaming Console,3/14/19,0
172120,642,UNDETERMINED,Desktop,3/14/19,0.372995584
100942,930,CUSTOMER,Mobile Phone,3/14/19,0.921321155
19702,54,UNDETERMINED,Tablet,3/14/19,0.274083849
118793,3296,CUSTOMER,Desktop,2/9/19,2.774574259
23234,91,PROSPECT,Mobile Phone,2/9/19,0.391667384
323629,1399,All Visitors,Mobile Phone,2/9/19,0.432285117
12,0,CUSTOMER,Gaming Console,2/9/19,0
282655,3766,All Visitors,Desktop,2/9/19,1.332366312
4242,10,PROSPECT,Tablet,2/9/19,0.23573786
46899,487,All Visitors,Tablet,2/9/19,1.038401672
46714,184,PROSPECT,All Devices,2/9/19,0.393886201
653226,5653,All Visitors,All Devices,2/9/19,0.865397274
19224,82,PROSPECT,Desktop,2/9/19,0.426550146
20,1,PROSPECT,Gaming Console,2/9/19,5
208904,287,UNDETERMINED,Mobile Phone,2/9/19,0.137383679
145,1,All Visitors,Gaming Console,2/9/19,0.689655172
144951,388,UNDETERMINED,Desktop,2/9/19,0.267676663
91830,1021,CUSTOMER,Mobile Phone,2/9/19,1.11183709
26137,32,UNDETERMINED,Tablet,2/9/19,0.122431802
380060,707,UNDETERMINED,All Devices,2/9/19,0.186023259
16583,445,CUSTOMER,Tablet,2/9/19,2.683471025
113,0,UNDETERMINED,Gaming Console,2/9/19,0
227168,4762,CUSTOMER,All Devices,2/9/19,2.09624595
16977,122,PROSPECT,Desktop,3/26/19,0.718619308
530,0,PROSPECT,Gaming Console,3/26/19,0
224407,457,UNDETERMINED,Mobile Phone,3/26/19,0.203647836
2189,1,All Visitors,Gaming Console,3/26/19,0.04568296
121250,716,UNDETERMINED,Desktop,3/26/19,0.590515464
94023,781,CUSTOMER,Mobile Phone,3/26/19,0.83064782
20906,94,UNDETERMINED,Tablet,3/26/19,0.449631685
368183,1267,UNDETERMINED,All Devices,3/26/19,0.344122352
13932,296,CUSTOMER,Tablet,3/26/19,2.124605225
1651,0,UNDETERMINED,Gaming Console,3/26/19,0
242763,4744,CUSTOMER,All Devices,3/26/19,1.954169293
134847,3666,CUSTOMER,Desktop,3/26/19,2.718636677
26284,107,PROSPECT,Mobile Phone,3/26/19,0.407091767
342637,1345,All Visitors,Mobile Phone,3/26/19,0.392543712
14,1,CUSTOMER,Gaming Console,3/26/19,7.142857143
272253,4504,All Visitors,Desktop,3/26/19,1.65434357
3336,18,PROSPECT,Tablet,3/26/19,0.539568345
37953,408,All Visitors,Tablet,3/26/19,1.075013833
47120,247,PROSPECT,All Devices,3/26/19,0.524193548
654935,6258,All Visitors,All Devices,3/26/19,0.955514669
3156,5,PROSPECT,Tablet,3/13/19,0.15842839
36165,359,All Visitors,Tablet,3/13/19,0.992672473
47035,180,PROSPECT,All Devices,3/13/19,0.382693739
693097,6563,All Visitors,All Devices,3/13/19,0.946909307
21701,98,PROSPECT,Desktop,3/13/19,0.451592093
232,0,PROSPECT,Gaming Console,3/13/19,0
175752,238,UNDETERMINED,Mobile Phone,3/13/19,0.135418089
1417,0,All Visitors,Gaming Console,3/13/19,0
167040,624,UNDETERMINED,Desktop,3/13/19,0.373563218
99062,1013,CUSTOMER,Mobile Phone,3/13/19,1.022591912
18732,32,UNDETERMINED,Tablet,3/13/19,0.170830664
362682,894,UNDETERMINED,All Devices,3/13/19,0.246496931
14354,322,CUSTOMER,Tablet,3/13/19,2.243277135
1177,0,UNDETERMINED,Gaming Console,3/13/19,0
284791,5489,CUSTOMER,All Devices,3/13/19,1.927378323
171423,4154,CUSTOMER,Desktop,3/13/19,2.423245422
21951,77,PROSPECT,Mobile Phone,3/13/19,0.350781286
296098,1328,All Visitors,Mobile Phone,3/13/19,0.448500159
8,0,CUSTOMER,Gaming Console,3/13/19,0
359499,4876,All Visitors,Desktop,3/13/19,1.356332006
447364,1245,UNDETERMINED,All Devices,2/21/19,0.278296868
16735,362,CUSTOMER,Tablet,2/21/19,2.163131162
197,0,UNDETERMINED,Gaming Console,2/21/19,0
327615,6812,CUSTOMER,All Devices,2/21/19,2.079269875
196099,5207,CUSTOMER,Desktop,2/21/19,2.65529146
28860,133,PROSPECT,Mobile Phone,2/21/19,0.460845461
374096,1779,All Visitors,Mobile Phone,2/21/19,0.475546384
13,0,CUSTOMER,Gaming Console,2/21/19,0
417357,6112,All Visitors,Desktop,2/21/19,1.464453693
4401,5,PROSPECT,Tablet,2/21/19,0.113610543
43744,421,All Visitors,Tablet,2/21/19,0.962417703
61352,255,PROSPECT,All Devices,2/21/19,0.415634372
835134,8312,All Visitors,All Devices,2/21/19,0.995289379
28100,117,PROSPECT,Desktop,2/21/19,0.416370107
20,0,PROSPECT,Gaming Console,2/21/19,0
230827,403,UNDETERMINED,Mobile Phone,2/21/19,0.174589628
230,0,All Visitors,Gaming Console,2/21/19,0
193744,788,UNDETERMINED,Desktop,2/21/19,0.406722273
114936,1243,CUSTOMER,Mobile Phone,2/21/19,1.081471428
22683,54,UNDETERMINED,Tablet,2/21/19,0.238063748
73321,745,CUSTOMER,Mobile Phone,3/18/19,1.016079977
15693,44,UNDETERMINED,Tablet,3/18/19,0.280379787
322119,945,UNDETERMINED,All Devices,3/18/19,0.293369842
12733,317,CUSTOMER,Tablet,3/18/19,2.489593968
1051,0,UNDETERMINED,Gaming Console,3/18/19,0
248378,5008,CUSTOMER,All Devices,3/18/19,2.016281635
162348,3946,CUSTOMER,Desktop,3/18/19,2.430581221
20810,80,PROSPECT,Mobile Phone,3/18/19,0.384430562
239185,1108,All Visitors,Mobile Phone,3/18/19,0.463239752
11,0,CUSTOMER,Gaming Console,3/18/19,0
343875,4660,All Visitors,Desktop,3/18/19,1.355143584
3215,3,PROSPECT,Tablet,3/18/19,0.093312597
31610,364,All Visitors,Tablet,3/18/19,1.151534325
46104,179,PROSPECT,All Devices,3/18/19,0.388252646
616042,6132,All Visitors,All Devices,3/18/19,0.995386678
21709,96,PROSPECT,Desktop,3/18/19,0.442212907
382,0,PROSPECT,Gaming Console,3/18/19,0
145262,283,UNDETERMINED,Mobile Phone,3/18/19,0.194820393
1444,0,All Visitors,Gaming Console,3/18/19,0
160134,618,UNDETERMINED,Desktop,3/18/19,0.385926786
31503,136,PROSPECT,All Devices,3/9/19,0.431704917
559375,5877,All Visitors,All Devices,3/9/19,1.050636872
11646,53,PROSPECT,Desktop,3/9/19,0.455091877
23,1,PROSPECT,Gaming Console,3/9/19,4.347826087
172370,300,UNDETERMINED,Mobile Phone,3/9/19,0.174044207
166,1,All Visitors,Gaming Console,3/9/19,0.602409639
116158,586,UNDETERMINED,Desktop,3/9/19,0.50448527
1,0,UNDETERMINED,E-Reader,3/9/19,0
84348,902,CUSTOMER,Mobile Phone,3/9/19,1.069379238
19680,49,UNDETERMINED,Tablet,3/9/19,0.24898374
308319,935,UNDETERMINED,All Devices,3/9/19,0.303257341
15535,431,CUSTOMER,Tablet,3/9/19,2.774380431
124,0,UNDETERMINED,Gaming Console,3/9/19,0
220092,4806,CUSTOMER,All Devices,3/9/19,2.183632299
120220,3473,CUSTOMER,Desktop,3/9/19,2.888870404
17262,80,PROSPECT,Mobile Phone,3/9/19,0.463445719
273767,1282,All Visitors,Mobile Phone,3/9/19,0.468281422
19,0,CUSTOMER,Gaming Console,3/9/19,0
247745,4112,All Visitors,Desktop,3/9/19,1.659771136
1,0,All Visitors,E-Reader,3/9/19,0
2576,2,PROSPECT,Tablet,3/9/19,0.077639752
37745,482,All Visitors,Tablet,3/9/19,1.27699033
18,0,PROSPECT,Gaming Console,2/12/19,0
183123,251,UNDETERMINED,Mobile Phone,2/12/19,0.137066343
127,0,All Visitors,Gaming Console,2/12/19,0
160759,564,UNDETERMINED,Desktop,2/12/19,0.350835723
1,0,UNDETERMINED,E-Reader,2/12/19,0
88257,810,CUSTOMER,Mobile Phone,2/12/19,0.917774228
22769,42,UNDETERMINED,Tablet,2/12/19,0.184461329
366730,857,UNDETERMINED,All Devices,2/12/19,0.233686909
14246,272,CUSTOMER,Tablet,2/12/19,1.909307876
103,0,UNDETERMINED,Gaming Console,2/12/19,0
247234,4993,CUSTOMER,All Devices,2/12/19,2.019544237
144775,3911,CUSTOMER,Desktop,2/12/19,2.701433259
21891,91,PROSPECT,Mobile Phone,2/12/19,0.415695948
293015,1152,All Visitors,Mobile Phone,2/12/19,0.393153934
6,0,CUSTOMER,Gaming Console,2/12/19,0
327723,4571,All Visitors,Desktop,2/12/19,1.394775466
1,0,All Visitors,E-Reader,2/12/19,0
4297,6,PROSPECT,Tablet,2/12/19,0.139632302
41268,320,All Visitors,Tablet,2/12/19,0.775419211
48698,193,PROSPECT,All Devices,2/12/19,0.396320177
662052,6043,All Visitors,All Devices,2/12/19,0.912768181
22499,96,PROSPECT,Desktop,2/12/19,0.42668563
25279,53,UNDETERMINED,Tablet,2/23/19,0.209660192
408531,1000,UNDETERMINED,All Devices,2/23/19,0.244779466
16956,491,CUSTOMER,Tablet,2/23/19,2.895730125
443,0,UNDETERMINED,Gaming Console,2/23/19,0
241395,5275,CUSTOMER,All Devices,2/23/19,2.185215104
123318,3552,CUSTOMER,Desktop,2/23/19,2.880358099
20276,84,PROSPECT,Mobile Phone,2/23/19,0.414282896
355269,1670,All Visitors,Mobile Phone,2/23/19,0.470066344
10,0,CUSTOMER,Gaming Console,2/23/19,0
288142,4224,All Visitors,Desktop,2/23/19,1.465943875
1,0,All Visitors,E-Reader,2/23/19,0
3512,10,PROSPECT,Tablet,2/23/19,0.284738041
45713,554,All Visitors,Tablet,2/23/19,1.211909085
40003,173,PROSPECT,All Devices,2/23/19,0.432467565
689473,6448,All Visitors,All Devices,2/23/19,0.935207035
16210,79,PROSPECT,Desktop,2/23/19,0.487353486
13,0,PROSPECT,Gaming Console,2/23/19,0
234022,354,UNDETERMINED,Mobile Phone,2/23/19,0.15126783
466,0,All Visitors,Gaming Console,2/23/19,0
148827,593,UNDETERMINED,Desktop,2/23/19,0.398449206
1,0,UNDETERMINED,E-Reader,2/23/19,0
101177,1232,CUSTOMER,Mobile Phone,2/23/19,1.217668047
1103,0,UNDETERMINED,Gaming Console,3/6/19,0
254899,5939,CUSTOMER,All Devices,3/6/19,2.329942448
160509,4624,CUSTOMER,Desktop,3/6/19,2.880835343
21817,124,PROSPECT,Mobile Phone,3/6/19,0.56836412
258675,1373,All Visitors,Mobile Phone,3/6/19,0.530781869
13,1,CUSTOMER,Gaming Console,3/6/19,7.692307692
336311,5517,All Visitors,Desktop,3/6/19,1.640445897
3076,11,PROSPECT,Tablet,3/6/19,0.357607282
34235,439,All Visitors,Tablet,3/6/19,1.282313422
46681,272,PROSPECT,All Devices,3/6/19,0.582678177
630434,7331,All Visitors,All Devices,3/6/19,1.162849719
21619,136,PROSPECT,Desktop,3/6/19,0.629076275
182,1,PROSPECT,Gaming Console,3/6/19,0.549450549
156066,316,UNDETERMINED,Mobile Phone,3/6/19,0.202478439
1298,2,All Visitors,Gaming Console,3/6/19,0.154083205
154545,757,UNDETERMINED,Desktop,3/6/19,0.48982497
81075,933,CUSTOMER,Mobile Phone,3/6/19,1.150786309
17846,47,UNDETERMINED,Tablet,3/6/19,0.263364339
329541,1120,UNDETERMINED,All Devices,3/6/19,0.339866663
13354,381,CUSTOMER,Tablet,3/6/19,2.85307773
353950,918,UNDETERMINED,All Devices,3/31/19,0.259358666
16201,409,CUSTOMER,Tablet,3/31/19,2.524535522
2313,0,UNDETERMINED,Gaming Console,3/31/19,0
207878,4372,CUSTOMER,All Devices,3/31/19,2.103156659
96786,2983,CUSTOMER,Desktop,3/31/19,3.082057322
24417,80,PROSPECT,Mobile Phone,3/31/19,0.327640578
361985,1480,All Visitors,Mobile Phone,3/31/19,0.408856721
19,0,CUSTOMER,Gaming Console,3/31/19,0
192688,3460,All Visitors,Desktop,3/31/19,1.795648925
3235,7,PROSPECT,Tablet,3/31/19,0.216383308
42149,507,All Visitors,Tablet,3/31/19,1.202875513
38603,157,PROSPECT,All Devices,3/31/19,0.406704142
599866,5447,All Visitors,All Devices,3/31/19,0.908036128
10148,70,PROSPECT,Desktop,3/31/19,0.689791092
813,0,PROSPECT,Gaming Console,3/31/19,0
242940,420,UNDETERMINED,Mobile Phone,3/31/19,0.172882193
3145,0,All Visitors,Gaming Console,3/31/19,0
85958,407,UNDETERMINED,Desktop,3/31/19,0.473487052
94933,980,CUSTOMER,Mobile Phone,3/31/19,1.032306995
22765,91,UNDETERMINED,Tablet,3/31/19,0.399736438
179007,571,UNDETERMINED,Desktop,2/8/19,0.318981939
1,0,UNDETERMINED,E-Reader,2/8/19,0
85898,893,CUSTOMER,Mobile Phone,2/8/19,1.039605113
25157,41,UNDETERMINED,Tablet,2/8/19,0.162976508
418994,973,UNDETERMINED,All Devices,2/8/19,0.232222896
14291,309,CUSTOMER,Tablet,2/8/19,2.162199986
115,1,UNDETERMINED,Gaming Console,2/8/19,0.869565217
253703,4936,CUSTOMER,All Devices,2/8/19,1.945582039
153558,3734,CUSTOMER,Desktop,2/8/19,2.431654489
16263,98,PROSPECT,Mobile Phone,2/8/19,0.602594847
316687,1351,All Visitors,Mobile Phone,2/8/19,0.426604186
14,0,CUSTOMER,Gaming Console,2/8/19,0
351938,4377,All Visitors,Desktop,2/8/19,1.243684967
1,0,All Visitors,E-Reader,2/8/19,0
2802,8,PROSPECT,Tablet,2/8/19,0.28551035
42214,358,All Visitors,Tablet,2/8/19,0.848059885
38714,179,PROSPECT,All Devices,2/8/19,0.462365036
710880,6088,All Visitors,All Devices,2/8/19,0.856403331
19641,72,PROSPECT,Desktop,2/8/19,0.366580113
16,1,PROSPECT,Gaming Console,2/8/19,6.25
214753,360,UNDETERMINED,Mobile Phone,2/8/19,0.167634445
145,2,All Visitors,Gaming Console,2/8/19,1.379310345
553,0,PROSPECT,Gaming Console,3/24/19,0
223721,317,UNDETERMINED,Mobile Phone,3/24/19,0.141694343
2360,0,All Visitors,Gaming Console,3/24/19,0
79655,316,UNDETERMINED,Desktop,3/24/19,0.396710815
92998,825,CUSTOMER,Mobile Phone,3/24/19,0.887115852
23377,61,UNDETERMINED,Tablet,3/24/19,0.26094024
328524,694,UNDETERMINED,All Devices,3/24/19,0.211247884
15487,414,CUSTOMER,Tablet,3/24/19,2.673209789
1793,0,UNDETERMINED,Gaming Console,3/24/19,0
195413,3995,CUSTOMER,All Devices,3/24/19,2.04438804
86970,2756,CUSTOMER,Desktop,3/24/19,3.168908819
28092,112,PROSPECT,Mobile Phone,3/24/19,0.398690019
344488,1254,All Visitors,Mobile Phone,3/24/19,0.364018485
15,0,CUSTOMER,Gaming Console,3/24/19,0
177927,3136,All Visitors,Desktop,3/24/19,1.762520584
3773,8,PROSPECT,Tablet,3/24/19,0.212032865
42587,483,All Visitors,Tablet,3/24/19,1.134148919
43913,184,PROSPECT,All Devices,3/24/19,0.419010316
567274,4873,All Visitors,All Devices,3/24/19,0.859020509
11502,64,PROSPECT,Desktop,3/24/19,0.55642497
83,0,PROSPECT,Gaming Console,3/3/19,0
169495,340,UNDETERMINED,Mobile Phone,3/3/19,0.200595888
721,0,All Visitors,Gaming Console,3/3/19,0
124930,588,UNDETERMINED,Desktop,3/3/19,0.470663572
86839,1196,CUSTOMER,Mobile Phone,3/3/19,1.377261369
19324,47,UNDETERMINED,Tablet,3/3/19,0.243220865
314355,975,UNDETERMINED,All Devices,3/3/19,0.310158897
16062,467,CUSTOMER,Tablet,3/3/19,2.907483501
626,0,UNDETERMINED,Gaming Console,3/3/19,0
226742,5560,CUSTOMER,All Devices,3/3/19,2.452126205
123865,3897,CUSTOMER,Desktop,3/3/19,3.146167198
23754,107,PROSPECT,Mobile Phone,3/3/19,0.45045045
279805,1643,All Visitors,Mobile Phone,3/3/19,0.587194653
12,0,CUSTOMER,Gaming Console,3/3/19,0
265106,4580,All Visitors,Desktop,3/3/19,1.727610842
3524,10,PROSPECT,Tablet,3/3/19,0.283768445
38869,524,All Visitors,Tablet,3/3/19,1.348118038
43986,212,PROSPECT,All Devices,3/3/19,0.481971536
584435,6747,All Visitors,All Devices,3/3/19,1.154448313
16631,95,PROSPECT,Desktop,3/3/19,0.571222416
207942,249,UNDETERMINED,Mobile Phone,2/10/19,0.119744929
263,1,All Visitors,Gaming Console,2/10/19,0.380228137
140591,353,UNDETERMINED,Desktop,2/10/19,0.251082928
86474,871,CUSTOMER,Mobile Phone,2/10/19,1.00723917
25654,47,UNDETERMINED,Tablet,2/10/19,0.183207297
374400,649,UNDETERMINED,All Devices,2/10/19,0.173344017
16178,405,CUSTOMER,Tablet,2/10/19,2.503399679
236,0,UNDETERMINED,Gaming Console,2/10/19,0
216276,4187,CUSTOMER,All Devices,2/10/19,1.935952209
113659,2910,CUSTOMER,Desktop,2/10/19,2.56028999
24476,87,PROSPECT,Mobile Phone,2/10/19,0.355450237
318592,1207,All Visitors,Mobile Phone,2/10/19,0.37885446
10,1,CUSTOMER,Gaming Console,2/10/19,10
272816,3349,All Visitors,Desktop,2/10/19,1.227567298
4433,8,PROSPECT,Tablet,2/10/19,0.180464697
46218,460,All Visitors,Tablet,2/10/19,0.995283223
47784,181,PROSPECT,All Devices,2/10/19,0.378787879
637810,5017,All Visitors,All Devices,2/10/19,0.78659789
18867,86,PROSPECT,Desktop,2/10/19,0.455822335
17,0,PROSPECT,Gaming Console,2/10/19,0
43226,234,PROSPECT,All Devices,3/11/19,0.54134086
629173,6393,All Visitors,All Devices,3/11/19,1.016095732
19228,123,PROSPECT,Desktop,3/11/19,0.639692116
33,0,PROSPECT,Gaming Console,3/11/19,0
162171,290,UNDETERMINED,Mobile Phone,3/11/19,0.178823587
108,2,All Visitors,Gaming Console,3/11/19,1.851851852
151662,705,UNDETERMINED,Desktop,3/11/19,0.464849468
78720,809,CUSTOMER,Mobile Phone,3/11/19,1.027693089
17411,36,UNDETERMINED,Tablet,3/11/19,0.206765838
331293,1033,UNDETERMINED,All Devices,3/11/19,0.31180858
13290,326,CUSTOMER,Tablet,3/11/19,2.45297216
64,2,UNDETERMINED,Gaming Console,3/11/19,3.125
255289,5126,CUSTOMER,All Devices,3/11/19,2.007920435
163301,3991,CUSTOMER,Desktop,3/11/19,2.443953191
21013,102,PROSPECT,Mobile Phone,3/11/19,0.485413791
261686,1201,All Visitors,Mobile Phone,3/11/19,0.458946982
11,0,CUSTOMER,Gaming Console,3/11/19,0
333815,4819,All Visitors,Desktop,3/11/19,1.443613978
2957,9,PROSPECT,Tablet,3/11/19,0.30436253
33620,371,All Visitors,Tablet,3/11/19,1.103509816
331029,4196,All Visitors,Desktop,2/5/19,1.267562661
2844,4,PROSPECT,Tablet,2/5/19,0.140646976
37627,352,All Visitors,Tablet,2/5/19,0.935498445
38005,164,PROSPECT,All Devices,2/5/19,0.431522168
638629,5693,All Visitors,All Devices,2/5/19,0.891440884
18790,82,PROSPECT,Desktop,2/5/19,0.436402342
17,0,PROSPECT,Gaming Console,2/5/19,0
176346,272,UNDETERMINED,Mobile Phone,2/5/19,0.154242228
111,0,All Visitors,Gaming Console,2/5/19,0
160267,556,UNDETERMINED,Desktop,2/5/19,0.346921075
77440,795,CUSTOMER,Mobile Phone,2/5/19,1.02660124
21429,41,UNDETERMINED,Tablet,2/5/19,0.191329507
358095,869,UNDETERMINED,All Devices,2/5/19,0.242673034
13388,307,CUSTOMER,Tablet,2/5/19,2.293098297
85,0,UNDETERMINED,Gaming Console,2/5/19,0
243011,4660,CUSTOMER,All Devices,2/5/19,1.917608668
152234,3558,CUSTOMER,Desktop,2/5/19,2.337191429
16361,78,PROSPECT,Mobile Phone,2/5/19,0.476743475
269962,1145,All Visitors,Mobile Phone,2/5/19,0.424133767
9,0,CUSTOMER,Gaming Console,2/5/19,0
1,0,UNDETERMINED,E-Reader,3/16/19,0
79729,936,CUSTOMER,Mobile Phone,3/16/19,1.173976847
20986,56,UNDETERMINED,Tablet,3/16/19,0.266844563
327857,816,UNDETERMINED,All Devices,3/16/19,0.248888997
14494,405,CUSTOMER,Tablet,3/16/19,2.794259694
1690,0,UNDETERMINED,Gaming Console,3/16/19,0
212715,4705,CUSTOMER,All Devices,3/16/19,2.211879745
118499,3364,CUSTOMER,Desktop,3/16/19,2.838842522
21711,91,PROSPECT,Mobile Phone,3/16/19,0.41914237
270584,1282,All Visitors,Mobile Phone,3/16/19,0.473790025
22,0,CUSTOMER,Gaming Console,3/16/19,0
269354,3964,All Visitors,Desktop,3/16/19,1.471669253
1,0,All Visitors,E-Reader,3/16/19,0
3358,6,PROSPECT,Tablet,3/16/19,0.178677784
38783,467,All Visitors,Tablet,3/16/19,1.204135833
40713,192,PROSPECT,All Devices,3/16/19,0.47159384
580696,5713,All Visitors,All Devices,3/16/19,0.983819417
15337,95,PROSPECT,Desktop,3/16/19,0.619417096
313,0,PROSPECT,Gaming Console,3/16/19,0
169425,255,UNDETERMINED,Mobile Phone,3/16/19,0.150509075
2025,0,All Visitors,Gaming Console,3/16/19,0
135771,505,UNDETERMINED,Desktop,3/16/19,0.371949827
15064,386,CUSTOMER,Tablet,3/10/19,2.562400425
114,2,UNDETERMINED,Gaming Console,3/10/19,1.754385965
207811,4299,CUSTOMER,All Devices,3/10/19,2.068706661
112555,3033,CUSTOMER,Desktop,3/10/19,2.6946826
21713,82,PROSPECT,Mobile Phone,3/10/19,0.37765394
261116,1207,All Visitors,Mobile Phone,3/10/19,0.462246664
9,0,CUSTOMER,Gaming Console,3/10/19,0
236536,3649,All Visitors,Desktop,3/10/19,1.542682721
3290,10,PROSPECT,Tablet,3/10/19,0.303951368
37931,450,All Visitors,Tablet,3/10/19,1.186364715
38146,164,PROSPECT,All Devices,3/10/19,0.429927122
535700,5308,All Visitors,All Devices,3/10/19,0.990853089
13107,72,PROSPECT,Desktop,3/10/19,0.549324788
40,0,PROSPECT,Gaming Console,3/10/19,0
159871,245,UNDETERMINED,Mobile Phone,3/10/19,0.153248557
163,2,All Visitors,Gaming Console,3/10/19,1.226993865
111532,544,UNDETERMINED,Desktop,3/10/19,0.487752394
80212,880,CUSTOMER,Mobile Phone,3/10/19,1.097092704
19688,54,UNDETERMINED,Tablet,3/10/19,0.274278748
291194,845,UNDETERMINED,All Devices,3/10/19,0.290184551
131073,3815,CUSTOMER,Desktop,3/2/19,2.910591808
24743,118,PROSPECT,Mobile Phone,3/2/19,0.476902558
300247,1699,All Visitors,Mobile Phone,3/2/19,0.565867436
20,0,CUSTOMER,Gaming Console,3/2/19,0
276661,4537,All Visitors,Desktop,3/2/19,1.639913107
1,0,All Visitors,E-Reader,3/2/19,0
3449,12,PROSPECT,Tablet,3/2/19,0.347926935
40572,624,All Visitors,Tablet,3/2/19,1.538006507
45233,241,PROSPECT,All Devices,3/2/19,0.532796852
617902,6862,All Visitors,All Devices,3/2/19,1.110532091
16990,109,PROSPECT,Desktop,3/2/19,0.641553855
55,2,PROSPECT,Gaming Console,3/2/19,3.636363636
179557,330,UNDETERMINED,Mobile Phone,3/2/19,0.18378565
477,2,All Visitors,Gaming Console,3/2/19,0.419287212
128910,613,UNDETERMINED,Desktop,3/2/19,0.47552556
1,0,UNDETERMINED,E-Reader,3/2/19,0
96279,1251,CUSTOMER,Mobile Phone,3/2/19,1.299348768
20217,56,UNDETERMINED,Tablet,3/2/19,0.276994608
329074,999,UNDETERMINED,All Devices,3/2/19,0.303579134
16966,556,CUSTOMER,Tablet,3/2/19,3.27714252
402,0,UNDETERMINED,Gaming Console,3/2/19,0
244302,5622,CUSTOMER,All Devices,3/2/19,2.301250092
310025,1397,All Visitors,Mobile Phone,2/7/19,0.450608822
11,0,CUSTOMER,Gaming Console,2/7/19,0
344519,4556,All Visitors,Desktop,2/7/19,1.322423437
3191,5,PROSPECT,Tablet,2/7/19,0.156690693
42246,356,All Visitors,Tablet,2/7/19,0.842683331
40601,186,PROSPECT,All Devices,2/7/19,0.458116795
696833,6312,All Visitors,All Devices,2/7/19,0.90581244
19949,95,PROSPECT,Desktop,2/7/19,0.476214347
16,1,PROSPECT,Gaming Console,2/7/19,6.25
199045,314,UNDETERMINED,Mobile Phone,2/7/19,0.157753272
141,3,All Visitors,Gaming Console,2/7/19,2.127659574
167437,534,UNDETERMINED,Desktop,2/7/19,0.318925924
93770,998,CUSTOMER,Mobile Phone,2/7/19,1.064306281
24334,42,UNDETERMINED,Tablet,2/7/19,0.172598011
390894,892,UNDETERMINED,All Devices,2/7/19,0.228194856
14759,309,CUSTOMER,Tablet,2/7/19,2.09363778
115,2,UNDETERMINED,Gaming Console,2/7/19,1.739130435
265983,5234,CUSTOMER,All Devices,2/7/19,1.967794934
157491,3927,CUSTOMER,Desktop,2/7/19,2.493475818
17452,85,PROSPECT,Mobile Phone,2/7/19,0.487050195
20201,88,PROSPECT,Mobile Phone,3/19/19,0.435621999
242081,1118,All Visitors,Mobile Phone,3/19/19,0.461828892
10,1,CUSTOMER,Gaming Console,3/19/19,10
335250,5010,All Visitors,Desktop,3/19/19,1.494407159
2,0,All Visitors,E-Reader,3/19/19,0
3071,8,PROSPECT,Tablet,3/19/19,0.260501465
32318,392,All Visitors,Tablet,3/19/19,1.212946346
43018,206,PROSPECT,All Devices,3/19/19,0.478869311
609722,6521,All Visitors,All Devices,3/19/19,1.069503807
19697,110,PROSPECT,Desktop,3/19/19,0.558460679
63,0,PROSPECT,Gaming Console,3/19/19,0
137946,342,UNDETERMINED,Mobile Phone,3/19/19,0.2479231
142,1,All Visitors,Gaming Console,3/19/19,0.704225352
155500,750,UNDETERMINED,Desktop,3/19/19,0.482315113
2,0,UNDETERMINED,E-Reader,3/19/19,0
84161,688,CUSTOMER,Mobile Phone,3/19/19,0.817480781
15456,67,UNDETERMINED,Tablet,3/19/19,0.433488613
308960,1159,UNDETERMINED,All Devices,3/19/19,0.375129467
13839,317,CUSTOMER,Tablet,3/19/19,2.290627936
70,0,UNDETERMINED,Gaming Console,3/19/19,0
258394,5157,CUSTOMER,All Devices,3/19/19,1.995789376
160420,4151,CUSTOMER,Desktop,3/19/19,2.587582596
1641,0,UNDETERMINED,Gaming Console,3/25/19,0
248364,5254,CUSTOMER,All Devices,3/25/19,2.115443462
140771,4077,CUSTOMER,Desktop,3/25/19,2.896193108
28191,130,PROSPECT,Mobile Phone,3/25/19,0.46114008
333187,1343,All Visitors,Mobile Phone,3/25/19,0.403076951
15,0,CUSTOMER,Gaming Console,3/25/19,0
274780,4819,All Visitors,Desktop,3/25/19,1.75376665
1,0,All Visitors,E-Reader,3/25/19,0
3597,11,PROSPECT,Tablet,3/25/19,0.305810398
37663,383,All Visitors,Tablet,3/25/19,1.016913151
49951,270,PROSPECT,All Devices,3/25/19,0.540529719
647800,6545,All Visitors,All Devices,3/25/19,1.010342698
17570,129,PROSPECT,Desktop,3/25/19,0.734206033
604,0,PROSPECT,Gaming Console,3/25/19,0
211886,363,UNDETERMINED,Mobile Phone,3/25/19,0.171318539
2260,0,All Visitors,Gaming Console,3/25/19,0
116726,613,UNDETERMINED,Desktop,3/25/19,0.525161489
1,0,UNDETERMINED,E-Reader,3/25/19,0
93418,850,CUSTOMER,Mobile Phone,3/25/19,0.909888887
19895,45,UNDETERMINED,Tablet,3/25/19,0.226187484
350130,1021,UNDETERMINED,All Devices,3/25/19,0.291605975
14217,327,CUSTOMER,Tablet,3/25/19,2.300063304
146228,3982,CUSTOMER,Desktop,2/11/19,2.723144678
22494,97,PROSPECT,Mobile Phone,2/11/19,0.431226105
309294,1163,All Visitors,Mobile Phone,2/11/19,0.37601764
18,0,CUSTOMER,Gaming Console,2/11/19,0
345299,4612,All Visitors,Desktop,2/11/19,1.335654027
4135,13,PROSPECT,Tablet,2/11/19,0.314389359
41772,342,All Visitors,Tablet,2/11/19,0.81873025
49779,212,PROSPECT,All Devices,2/11/19,0.4258824
696586,6118,All Visitors,All Devices,2/11/19,0.878283514
23133,102,PROSPECT,Desktop,2/11/19,0.440928544
21,0,PROSPECT,Gaming Console,2/11/19,0
208457,250,UNDETERMINED,Mobile Phone,2/11/19,0.11992881
304,1,All Visitors,Gaming Console,2/11/19,0.328947368
176326,528,UNDETERMINED,Desktop,2/11/19,0.299445346
78626,816,CUSTOMER,Mobile Phone,2/11/19,1.037824638
24423,41,UNDETERMINED,Tablet,2/11/19,0.167874544
409437,820,UNDETERMINED,All Devices,2/11/19,0.200275012
13255,288,CUSTOMER,Tablet,2/11/19,2.172764994
265,1,UNDETERMINED,Gaming Console,2/11/19,0.377358491
238083,5086,CUSTOMER,All Devices,2/11/19,2.136229802
21460,125,PROSPECT,Desktop,3/5/19,0.582479031
142,1,PROSPECT,Gaming Console,3/5/19,0.704225352
160405,309,UNDETERMINED,Mobile Phone,3/5/19,0.192637387
949,1,All Visitors,Gaming Console,3/5/19,0.105374078
160582,665,UNDETERMINED,Desktop,3/5/19,0.414118643
1,0,UNDETERMINED,E-Reader,3/5/19,0
80715,931,CUSTOMER,Mobile Phone,3/5/19,1.15344112
17879,50,UNDETERMINED,Tablet,3/5/19,0.279657699
339640,1024,UNDETERMINED,All Devices,3/5/19,0.301495701
13119,356,CUSTOMER,Tablet,3/5/19,2.713621465
793,0,UNDETERMINED,Gaming Console,3/5/19,0
255906,5792,CUSTOMER,All Devices,3/5/19,2.263331067
162106,4505,CUSTOMER,Desktop,3/5/19,2.77904581
20451,99,PROSPECT,Mobile Phone,3/5/19,0.484083908
261326,1339,All Visitors,Mobile Phone,3/5/19,0.512386827
14,0,CUSTOMER,Gaming Console,3/5/19,0
343819,5295,All Visitors,Desktop,3/5/19,1.540054505
1,0,All Visitors,E-Reader,3/5/19,0
2817,10,PROSPECT,Tablet,3/5/19,0.354987575
33782,416,All Visitors,Tablet,3/5/19,1.231425019
44856,235,PROSPECT,All Devices,3/5/19,0.523898698
639790,7051,All Visitors,All Devices,3/5/19,1.10208037
79075,787,CUSTOMER,Mobile Phone,2/6/19,0.995257667
22085,37,UNDETERMINED,Tablet,2/6/19,0.167534526
348434,852,UNDETERMINED,All Devices,2/6/19,0.244522636
13652,264,CUSTOMER,Tablet,2/6/19,1.933782596
80,1,UNDETERMINED,Gaming Console,2/6/19,1.25
242911,4381,CUSTOMER,All Devices,2/6/19,1.803541215
150209,3329,CUSTOMER,Desktop,2/6/19,2.216245365
19504,106,PROSPECT,Mobile Phone,2/6/19,0.543478261
269618,1172,All Visitors,Mobile Phone,2/6/19,0.434689079
15,1,CUSTOMER,Gaming Console,2/6/19,6.666666667
326372,3962,All Visitors,Desktop,2/6/19,1.213952177
3428,7,PROSPECT,Tablet,2/6/19,0.2042007
39136,308,All Visitors,Tablet,2/6/19,0.786999182
44375,212,PROSPECT,All Devices,2/6/19,0.477746479
635154,5445,All Visitors,All Devices,2/6/19,0.85727241
21437,98,PROSPECT,Desktop,2/6/19,0.45715352
18,1,PROSPECT,Gaming Console,2/6/19,5.555555556
171252,279,UNDETERMINED,Mobile Phone,2/6/19,0.162917805
112,3,All Visitors,Gaming Console,2/6/19,2.678571429
155046,535,UNDETERMINED,Desktop,2/6/19,0.345058886
94438,3081,CUSTOMER,Desktop,3/23/19,3.262457909
27964,102,PROSPECT,Mobile Phone,3/23/19,0.364754685
355888,1397,All Visitors,Mobile Phone,3/23/19,0.392539226
9,0,CUSTOMER,Gaming Console,3/23/19,0
189812,3425,All Visitors,Desktop,3/23/19,1.804417002
3694,8,PROSPECT,Tablet,3/23/19,0.216567407
43460,476,All Visitors,Tablet,3/23/19,1.095260009
44116,172,PROSPECT,All Devices,3/23/19,0.389881222
590888,5298,All Visitors,All Devices,3/23/19,0.896616618
12046,62,PROSPECT,Desktop,3/23/19,0.514693674
418,0,PROSPECT,Gaming Console,3/23/19,0
228567,344,UNDETERMINED,Mobile Phone,3/23/19,0.150502916
1823,0,All Visitors,Gaming Console,3/23/19,0
83569,282,UNDETERMINED,Desktop,3/23/19,0.337445704
99720,951,CUSTOMER,Mobile Phone,3/23/19,0.953670277
23609,52,UNDETERMINED,Tablet,3/23/19,0.220254988
337113,678,UNDETERMINED,All Devices,3/23/19,0.201119506
16224,416,CUSTOMER,Tablet,3/23/19,2.564102564
1396,0,UNDETERMINED,Gaming Console,3/23/19,0
210333,4448,CUSTOMER,All Devices,3/23/19,2.114741862
97140,1207,CUSTOMER,Mobile Phone,2/27/19,1.242536545
20483,59,UNDETERMINED,Tablet,2/27/19,0.288043744
398582,1587,UNDETERMINED,All Devices,2/27/19,0.398161482
13761,370,CUSTOMER,Tablet,2/27/19,2.688758084
350,1,UNDETERMINED,Gaming Console,2/27/19,0.285714286
271480,6046,CUSTOMER,All Devices,2/27/19,2.227051717
160627,4469,CUSTOMER,Desktop,2/27/19,2.782222167
20778,147,PROSPECT,Mobile Phone,2/27/19,0.707479064
323694,1906,All Visitors,Mobile Phone,2/27/19,0.58882772
12,0,CUSTOMER,Gaming Console,2/27/19,0
351063,5583,All Visitors,Desktop,2/27/19,1.59031285
2816,8,PROSPECT,Tablet,2/27/19,0.284090909
37029,437,All Visitors,Tablet,2/27/19,1.180156094
42680,295,PROSPECT,All Devices,2/27/19,0.691190253
712073,7928,All Visitors,All Devices,2/27/19,1.113368994
19058,139,PROSPECT,Desktop,2/27/19,0.729352503
41,1,PROSPECT,Gaming Console,2/27/19,2.43902439
206058,552,UNDETERMINED,Mobile Phone,2/27/19,0.267885741
403,2,All Visitors,Gaming Console,2/27/19,0.496277916
171731,975,UNDETERMINED,Desktop,2/27/19,0.567748397
346,1,PROSPECT,Gaming Console,3/22/19,0.289017341
231106,435,UNDETERMINED,Mobile Phone,3/22/19,0.188225317
1515,1,All Visitors,Gaming Console,3/22/19,0.066006601
113672,472,UNDETERMINED,Desktop,3/22/19,0.415229784
1,0,UNDETERMINED,E-Reader,3/22/19,0
104594,947,CUSTOMER,Mobile Phone,3/22/19,0.905405664
21237,94,UNDETERMINED,Tablet,3/22/19,0.442623723
367142,1001,UNDETERMINED,All Devices,3/22/19,0.272646551
17231,314,CUSTOMER,Tablet,3/22/19,1.822297023
1160,0,UNDETERMINED,Gaming Console,3/22/19,0
263383,5073,CUSTOMER,All Devices,3/22/19,1.926092421
141618,3812,CUSTOMER,Desktop,3/22/19,2.691748224
22989,109,PROSPECT,Mobile Phone,3/22/19,0.474139806
358419,1491,All Visitors,Mobile Phone,3/22/19,0.415993572
10,0,CUSTOMER,Gaming Console,3/22/19,0
271272,4382,All Visitors,Desktop,3/22/19,1.615352856
1,0,All Visitors,E-Reader,3/22/19,0
3099,14,PROSPECT,Tablet,3/22/19,0.451758632
41532,422,All Visitors,Tablet,3/22/19,1.016083983
42665,222,PROSPECT,All Devices,3/22/19,0.520332826
672620,6296,All Visitors,All Devices,3/22/19,0.936041153
16244,98,PROSPECT,Desktop,3/22/19,0.60329968
148401,743,UNDETERMINED,Desktop,3/1/19,0.500670481
100142,1138,CUSTOMER,Mobile Phone,3/1/19,1.136386331
18099,61,UNDETERMINED,Tablet,3/1/19,0.337035195
344857,1168,UNDETERMINED,All Devices,3/1/19,0.33869111
16156,383,CUSTOMER,Tablet,3/1/19,2.370636296
213,0,UNDETERMINED,Gaming Console,3/1/19,0
289451,6300,CUSTOMER,All Devices,3/1/19,2.176534197
173188,4778,CUSTOMER,Desktop,3/1/19,2.758851653
23633,166,PROSPECT,Mobile Phone,3/1/19,0.70240765
301636,1668,All Visitors,Mobile Phone,3/1/19,0.552984392
15,1,CUSTOMER,Gaming Console,3/1/19,6.666666667
342238,5658,All Visitors,Desktop,3/1/19,1.653235468
3314,14,PROSPECT,Tablet,3/1/19,0.422450211
37524,458,All Visitors,Tablet,3/1/19,1.22055218
48006,318,PROSPECT,All Devices,3/1/19,0.662417198
681591,7786,All Visitors,All Devices,3/1/19,1.14232729
21022,137,PROSPECT,Desktop,3/1/19,0.651698221
46,1,PROSPECT,Gaming Console,3/1/19,2.173913043
178163,364,UNDETERMINED,Mobile Phone,3/1/19,0.204307292
274,2,All Visitors,Gaming Console,3/1/19,0.729927007
22261,137,PROSPECT,Mobile Phone,2/28/19,0.615426081
276223,1467,All Visitors,Mobile Phone,2/28/19,0.531092632
14,0,CUSTOMER,Gaming Console,2/28/19,0
328003,5074,All Visitors,Desktop,2/28/19,1.546937071
1,0,All Visitors,E-Reader,2/28/19,0
2891,7,PROSPECT,Tablet,2/28/19,0.242130751
32575,378,All Visitors,Tablet,2/28/19,1.160399079
43037,266,PROSPECT,All Devices,2/28/19,0.618072821
636347,6919,All Visitors,All Devices,2/28/19,1.087299854
17938,122,PROSPECT,Desktop,2/28/19,0.680120415
26,0,PROSPECT,Gaming Console,2/28/19,0
172959,431,UNDETERMINED,Mobile Phone,2/28/19,0.249192005
155,0,All Visitors,Gaming Console,2/28/19,0
159513,906,UNDETERMINED,Desktop,2/28/19,0.567978785
1,0,UNDETERMINED,E-Reader,2/28/19,0
83127,899,CUSTOMER,Mobile Phone,2/28/19,1.081477739
17795,61,UNDETERMINED,Tablet,2/28/19,0.342792919
350187,1398,UNDETERMINED,All Devices,2/28/19,0.399215276
12091,310,CUSTOMER,Tablet,2/28/19,2.563890497
116,0,UNDETERMINED,Gaming Console,2/28/19,0
247150,5255,CUSTOMER,All Devices,2/28/19,2.126239126
152206,4046,CUSTOMER,Desktop,2/28/19,2.658239491
124472,600,UNDETERMINED,Desktop,3/20/19,0.482036121
108307,806,CUSTOMER,Mobile Phone,3/20/19,0.744180893
18891,91,UNDETERMINED,Tablet,3/20/19,0.481710868
340718,1115,UNDETERMINED,All Devices,3/20/19,0.327250101
15423,361,CUSTOMER,Tablet,3/20/19,2.340660053
1019,0,UNDETERMINED,Gaming Console,3/20/19,0
264970,5059,CUSTOMER,All Devices,3/20/19,1.909272748
141595,3892,CUSTOMER,Desktop,3/20/19,2.748684629
20153,84,PROSPECT,Mobile Phone,3/20/19,0.416811393
324860,1314,All Visitors,Mobile Phone,3/20/19,0.404481931
9,0,CUSTOMER,Gaming Console,3/20/19,0
281714,4588,All Visitors,Desktop,3/20/19,1.628602057
2772,12,PROSPECT,Tablet,3/20/19,0.432900433
37048,464,All Visitors,Tablet,3/20/19,1.252429281
39083,192,PROSPECT,All Devices,3/20/19,0.491262186
644274,6366,All Visitors,All Devices,3/20/19,0.988088919
15881,96,PROSPECT,Desktop,3/20/19,0.604495939
328,0,PROSPECT,Gaming Console,3/20/19,0
196609,424,UNDETERMINED,Mobile Phone,3/20/19,0.215656455
1355,0,All Visitors,Gaming Console,3/20/19,0
171400,4853,CUSTOMER,Desktop,3/4/19,2.831388565
23459,120,PROSPECT,Mobile Phone,3/4/19,0.511530756
272458,1442,All Visitors,Mobile Phone,3/4/19,0.529255885
15,0,CUSTOMER,Gaming Console,3/4/19,0
356848,5727,All Visitors,Desktop,3/4/19,1.604884993
3155,14,PROSPECT,Tablet,3/4/19,0.443740095
34282,440,All Visitors,Tablet,3/4/19,1.283472376
49184,265,PROSPECT,All Devices,3/4/19,0.538793103
664686,7609,All Visitors,All Devices,3/4/19,1.144751055
22435,131,PROSPECT,Desktop,3/4/19,0.583909071
143,0,PROSPECT,Gaming Console,3/4/19,0
165571,323,UNDETERMINED,Mobile Phone,3/4/19,0.195082472
1180,0,All Visitors,Gaming Console,3/4/19,0
163578,743,UNDETERMINED,Desktop,3/4/19,0.45421756
83807,999,CUSTOMER,Mobile Phone,3/4/19,1.192024533
17209,54,UNDETERMINED,Tablet,3/4/19,0.313789296
347359,1120,UNDETERMINED,All Devices,3/4/19,0.322432987
13987,372,CUSTOMER,Tablet,3/4/19,2.659612497
1022,0,UNDETERMINED,Gaming Console,3/4/19,0
269161,6224,CUSTOMER,All Devices,3/4/19,2.312370663
2491,12,PROSPECT,Tablet,3/15/19,0.481734243
35232,384,All Visitors,Tablet,3/15/19,1.089918256
36260,211,PROSPECT,All Devices,3/15/19,0.581908439
642488,6460,All Visitors,All Devices,3/15/19,1.00546625
17123,103,PROSPECT,Desktop,3/15/19,0.601530106
238,0,PROSPECT,Gaming Console,3/15/19,0
165910,340,UNDETERMINED,Mobile Phone,3/15/19,0.204930384
1598,0,All Visitors,Gaming Console,3/15/19,0
162931,600,UNDETERMINED,Desktop,3/15/19,0.368254046
79729,876,CUSTOMER,Mobile Phone,3/15/19,1.098721921
18670,50,UNDETERMINED,Tablet,3/15/19,0.26780932
348837,990,UNDETERMINED,All Devices,3/15/19,0.28380017
14116,322,CUSTOMER,Tablet,3/15/19,2.281099462
1346,0,UNDETERMINED,Gaming Console,3/15/19,0
257987,5259,CUSTOMER,All Devices,3/15/19,2.038474807
164170,4061,CUSTOMER,Desktop,3/15/19,2.473655357
16411,96,PROSPECT,Mobile Phone,3/15/19,0.584973493
261810,1312,All Visitors,Mobile Phone,3/15/19,0.501126771
14,0,CUSTOMER,Gaming Console,3/15/19,0
343916,4764,All Visitors,Desktop,3/15/19,1.385221973
91,1,UNDETERMINED,Gaming Console,2/15/19,1.098901099
253349,4481,CUSTOMER,All Devices,2/15/19,1.768706409
153677,3289,CUSTOMER,Desktop,2/15/19,2.140203153
20868,97,PROSPECT,Mobile Phone,2/15/19,0.464826529
291843,1242,All Visitors,Mobile Phone,2/15/19,0.425571283
15,0,CUSTOMER,Gaming Console,2/15/19,0
335396,3956,All Visitors,Desktop,2/15/19,1.179501246
2,0,All Visitors,E-Reader,2/15/19,0
3739,9,PROSPECT,Tablet,2/15/19,0.240706071
38618,409,All Visitors,Tablet,2/15/19,1.059091615
46866,219,PROSPECT,All Devices,2/15/19,0.46728972
665895,5608,All Visitors,All Devices,2/15/19,0.842174817
22247,113,PROSPECT,Desktop,2/15/19,0.507933654
23,0,PROSPECT,Gaming Console,2/15/19,0
185715,294,UNDETERMINED,Mobile Phone,2/15/19,0.158307083
129,1,All Visitors,Gaming Console,2/15/19,0.775193798
159781,554,UNDETERMINED,Desktop,2/15/19,0.346724579
2,0,UNDETERMINED,E-Reader,2/15/19,0
85510,851,CUSTOMER,Mobile Phone,2/15/19,0.995205239
20734,59,UNDETERMINED,Tablet,2/15/19,0.284556767
366288,908,UNDETERMINED,All Devices,2/15/19,0.247892369
14192,341,CUSTOMER,Tablet,2/15/19,2.40276212
347337,4631,All Visitors,Desktop,2/26/19,1.333287269
2,0,All Visitors,E-Reader,2/26/19,0
3079,10,PROSPECT,Tablet,2/26/19,0.324780773
35470,407,All Visitors,Tablet,2/26/19,1.147448548
48968,233,PROSPECT,All Devices,2/26/19,0.475820944
694324,6481,All Visitors,All Devices,2/26/19,0.933425893
22334,104,PROSPECT,Desktop,2/26/19,0.465657742
97,0,PROSPECT,Gaming Console,2/26/19,0
188153,398,UNDETERMINED,Mobile Phone,2/26/19,0.211529978
1266,1,All Visitors,Gaming Console,2/26/19,0.078988942
163959,729,UNDETERMINED,Desktop,2/26/19,0.444623351
2,0,UNDETERMINED,E-Reader,2/26/19,0
98984,925,CUSTOMER,Mobile Phone,2/26/19,0.934494464
18940,47,UNDETERMINED,Tablet,2/26/19,0.248152059
372179,1175,UNDETERMINED,All Devices,2/26/19,0.315708302
13496,350,CUSTOMER,Tablet,2/26/19,2.593360996
1156,1,UNDETERMINED,Gaming Console,2/26/19,0.08650519
273852,5074,CUSTOMER,All Devices,2/26/19,1.852825614
161411,3799,CUSTOMER,Desktop,2/26/19,2.353619022
23473,119,PROSPECT,Mobile Phone,2/26/19,0.50696545
310351,1442,All Visitors,Mobile Phone,2/26/19,0.464635203
13,0,CUSTOMER,Gaming Console,2/26/19,0
45094,202,PROSPECT,All Devices,3/30/19,0.447953165
624053,5448,All Visitors,All Devices,3/30/19,0.873002774
10996,86,PROSPECT,Desktop,3/30/19,0.782102583
591,0,PROSPECT,Gaming Console,3/30/19,0
253532,411,UNDETERMINED,Mobile Phone,3/30/19,0.162109714
2304,2,All Visitors,Gaming Console,3/30/19,0.086805556
84151,378,UNDETERMINED,Desktop,3/30/19,0.449192523
1,0,UNDETERMINED,E-Reader,3/30/19,0
108058,1050,CUSTOMER,Mobile Phone,3/30/19,0.971700383
23696,62,UNDETERMINED,Tablet,3/30/19,0.261647535
363043,853,UNDETERMINED,All Devices,3/30/19,0.234958393
16125,464,CUSTOMER,Tablet,3/30/19,2.87751938
1699,2,UNDETERMINED,Gaming Console,3/30/19,0.117716304
216612,4393,CUSTOMER,All Devices,3/30/19,2.028050154
92489,2879,CUSTOMER,Desktop,3/30/19,3.112802604
29662,111,PROSPECT,Mobile Phone,3/30/19,0.374216169
390844,1572,All Visitors,Mobile Phone,3/30/19,0.402206507
14,0,CUSTOMER,Gaming Console,3/30/19,0
187410,3343,All Visitors,Desktop,3/30/19,1.783789552
1,0,All Visitors,E-Reader,3/30/19,0
3854,5,PROSPECT,Tablet,3/30/19,0.12973534
43614,531,All Visitors,Tablet,3/30/19,1.217498968
241,1,UNDETERMINED,Gaming Console,3/8/19,0.414937759
285902,1411,All Visitors,Mobile Phone,3/8/19,0.493525754
351146,5187,All Visitors,Desktop,3/8/19,1.477163345
36927,407,All Visitors,Tablet,3/8/19,1.102174561
674127,7006,All Visitors,All Devices,3/8/19,1.039270049
285902,1411,UNDETERMINED,Mobile Phone,3/8/19,0.493525754
241,1,All Visitors,Gaming Console,3/8/19,0.414937759
351146,5187,UNDETERMINED,Desktop,3/8/19,1.477163345
36927,407,UNDETERMINED,Tablet,3/8/19,1.102174561
674127,7006,UNDETERMINED,All Devices,3/8/19,1.039270049
84,0,UNDETERMINED,Gaming Console,2/13/19,0
249552,4508,CUSTOMER,All Devices,2/13/19,1.806437135
152603,3475,CUSTOMER,Desktop,2/13/19,2.277150515
21427,110,PROSPECT,Mobile Phone,2/13/19,0.513370981
286453,1157,All Visitors,Mobile Phone,2/13/19,0.403905702
9,0,CUSTOMER,Gaming Console,2/13/19,0
343171,4219,All Visitors,Desktop,2/13/19,1.229416239
2,0,All Visitors,E-Reader,2/13/19,0
3924,16,PROSPECT,Tablet,2/13/19,0.407747197
38420,333,All Visitors,Tablet,2/13/19,0.866736075
48092,221,PROSPECT,All Devices,2/13/19,0.45953589
668065,5708,All Visitors,All Devices,2/13/19,0.854407879
22727,95,PROSPECT,Desktop,2/13/19,0.418005016
23,0,PROSPECT,Gaming Console,2/13/19,0
181897,280,UNDETERMINED,Mobile Phone,2/13/19,0.15393327
116,0,All Visitors,Gaming Console,2/13/19,0
168143,649,UNDETERMINED,Desktop,2/13/19,0.38598098
2,0,UNDETERMINED,E-Reader,2/13/19,0
83362,767,CUSTOMER,Mobile Phone,2/13/19,0.920083491
20899,50,UNDETERMINED,Tablet,2/13/19,0.239245897
370989,979,UNDETERMINED,All Devices,2/13/19,0.263889226
13628,267,CUSTOMER,Tablet,2/13/19,1.959201644
371834,1283,UNDETERMINED,All Devices,2/19/19,0.345046445
13915,265,CUSTOMER,Tablet,2/19/19,1.904419691
91,1,UNDETERMINED,Gaming Console,2/19/19,1.098901099
254518,4380,CUSTOMER,All Devices,2/19/19,1.720899897
150879,3385,CUSTOMER,Desktop,2/19/19,2.243519642
15405,75,PROSPECT,Mobile Phone,2/19/19,0.486854917
286630,1135,All Visitors,Mobile Phone,2/19/19,0.395980881
7,0,CUSTOMER,Gaming Console,2/19/19,0
338277,4332,All Visitors,Desktop,2/19/19,1.280607313
2941,3,PROSPECT,Tablet,2/19/19,0.10200612
37725,338,All Visitors,Tablet,2/19/19,0.895957588
36820,145,PROSPECT,All Devices,2/19/19,0.393807713
662657,5807,All Visitors,All Devices,2/19/19,0.87632063
18469,66,PROSPECT,Desktop,2/19/19,0.357355569
12,1,PROSPECT,Gaming Console,2/19/19,8.333333333
181657,330,UNDETERMINED,Mobile Phone,2/19/19,0.181661043
110,2,All Visitors,Gaming Console,2/19/19,1.818181818
169224,882,UNDETERMINED,Desktop,2/19/19,0.521202666
89765,730,CUSTOMER,Mobile Phone,2/19/19,0.813234557
20888,70,UNDETERMINED,Tablet,2/19/19,0.335120643
2726,0,UNDETERMINED,Gaming Console,3/27/19,0
6185,57,CUSTOMER,All Devices,3/27/19,0.921584479
2103,31,CUSTOMER,Desktop,3/27/19,1.474084641
1382,3,PROSPECT,Mobile Phone,3/27/19,0.2170767
358725,1533,All Visitors,Mobile Phone,3/27/19,0.427346853
1,0,CUSTOMER,Gaming Console,3/27/19,0
265624,4392,All Visitors,Desktop,3/27/19,1.653465048
142,0,PROSPECT,Tablet,3/27/19,0
38629,408,All Visitors,Tablet,3/27/19,1.0562013
2221,3,PROSPECT,All Devices,3/27/19,0.135074291
665719,6333,All Visitors,All Devices,3/27/19,0.951302276
584,0,PROSPECT,Desktop,3/27/19,0
113,0,PROSPECT,Gaming Console,3/27/19,0
354743,1506,UNDETERMINED,Mobile Phone,3/27/19,0.42453269
2829,0,All Visitors,Gaming Console,3/27/19,0
263239,4361,UNDETERMINED,Desktop,3/27/19,1.656669414
3668,24,CUSTOMER,Mobile Phone,3/27/19,0.654307525
38170,406,UNDETERMINED,Tablet,3/27/19,1.063662562
658794,6273,UNDETERMINED,All Devices,3/27/19,0.952194464
413,2,CUSTOMER,Tablet,3/27/19,0.484261501
22154,90,PROSPECT,Desktop,2/14/19,0.406247179
19,0,PROSPECT,Gaming Console,2/14/19,0
174687,262,UNDETERMINED,Mobile Phone,2/14/19,0.14998254
115,0,All Visitors,Gaming Console,2/14/19,0
157083,576,UNDETERMINED,Desktop,2/14/19,0.366685128
1,0,UNDETERMINED,E-Reader,2/14/19,0
82352,690,CUSTOMER,Mobile Phone,2/14/19,0.837866718
19510,29,UNDETERMINED,Tablet,2/14/19,0.148641722
351345,867,UNDETERMINED,All Devices,2/14/19,0.246765999
13313,259,CUSTOMER,Tablet,2/14/19,1.945466837
86,0,UNDETERMINED,Gaming Console,2/14/19,0
239925,4063,CUSTOMER,All Devices,2/14/19,1.693445869
144290,3114,CUSTOMER,Desktop,2/14/19,2.158153718
20957,95,PROSPECT,Mobile Phone,2/14/19,0.453309157
277593,1047,All Visitors,Mobile Phone,2/14/19,0.377170894
10,0,CUSTOMER,Gaming Console,2/14/19,0
323082,3780,All Visitors,Desktop,2/14/19,1.169981615
1,0,All Visitors,E-Reader,2/14/19,0
3754,15,PROSPECT,Tablet,2/14/19,0.399573788
36528,303,All Visitors,Tablet,2/14/19,0.829500657
46875,200,PROSPECT,All Devices,2/14/19,0.426666667
637245,5130,All Visitors,All Devices,2/14/19,0.805027894
13063,57,PROSPECT,All Devices,3/28/19,0.436346934
686746,6075,All Visitors,All Devices,3/28/19,0.884606536
5172,25,PROSPECT,Desktop,3/28/19,0.483372003
274,0,PROSPECT,Gaming Console,3/28/19,0
340539,1240,UNDETERMINED,Mobile Phone,3/28/19,0.364128631
3083,2,All Visitors,Gaming Console,3/28/19,0.064871878
225137,3203,UNDETERMINED,Desktop,3/28/19,1.422689296
32990,265,CUSTOMER,Mobile Phone,3/28/19,0.803273719
35277,296,UNDETERMINED,Tablet,3/28/19,0.839073617
603708,4741,UNDETERMINED,All Devices,3/28/19,0.78531343
4031,48,CUSTOMER,Tablet,3/28/19,1.190771521
2828,2,UNDETERMINED,Gaming Console,3/28/19,0.070721358
81411,1277,CUSTOMER,All Devices,3/28/19,1.568584098
44397,964,CUSTOMER,Desktop,3/28/19,2.171317882
6813,31,PROSPECT,Mobile Phone,3/28/19,0.455012476
374065,1536,All Visitors,Mobile Phone,3/28/19,0.410623822
4,0,CUSTOMER,Gaming Console,3/28/19,0
270177,4192,All Visitors,Desktop,3/28/19,1.551575449
804,1,PROSPECT,Tablet,3/28/19,0.124378109
39525,345,All Visitors,Tablet,3/28/19,0.872865275