visitors,orders,customer,device,date,rate,visitors_arima_anomaly,visitors_stl_anomaly,visitors_twitter_anomaly,orders_arima_anomaly,orders_stl_anomaly,orders_twitter_anomaly,rate_arima_anomaly,rate_stl_anomaly,rate_twitter_anomaly,indicator
644248,5735,All Visitors,All Devices,2/1/2019,0.008901851,0,0,0,0,0,0,0,0,0,Observed
600854,5154,All Visitors,All Devices,2/2/2019,0.008577791,0,0,0,0,0,0,0,0,0,Observed
452830,3374,All Visitors,All Devices,2/3/2019,0.00745092,1,1,0,1,1,0,0,1,0,Observed
636388,5633,All Visitors,All Devices,2/4/2019,0.008851518,0,0,0,0,0,0,0,0,0,Observed
638629,5693,All Visitors,All Devices,2/5/2019,0.008914409,0,0,0,0,0,0,0,0,0,Observed
635154,5445,All Visitors,All Devices,2/6/2019,0.008572724,0,1,0,0,0,0,0,0,0,Observed
696833,6312,All Visitors,All Devices,2/7/2019,0.009058124,0,0,0,0,0,0,0,0,0,Observed
710880,6088,All Visitors,All Devices,2/8/2019,0.008564033,0,0,0,0,0,0,0,0,0,Observed
653226,5653,All Visitors,All Devices,2/9/2019,0.008653973,0,0,0,0,0,0,0,0,0,Observed
637810,5017,All Visitors,All Devices,2/10/2019,0.007865979,0,0,0,0,0,0,0,0,0,Observed
696586,6118,All Visitors,All Devices,2/11/2019,0.008782835,0,0,0,0,0,0,0,0,0,Observed
662052,6043,All Visitors,All Devices,2/12/2019,0.009127682,0,0,0,0,0,0,0,1,0,Observed
668065,5708,All Visitors,All Devices,2/13/2019,0.008544079,0,0,0,0,0,0,0,0,0,Observed
637245,5130,All Visitors,All Devices,2/14/2019,0.008050279,0,0,0,0,0,0,0,0,0,Observed
665895,5608,All Visitors,All Devices,2/15/2019,0.008421748,0,0,0,0,0,0,0,0,0,Observed
631231,5145,All Visitors,All Devices,2/16/2019,0.00815074,0,0,0,0,0,0,0,0,0,Observed
603395,4722,All Visitors,All Devices,2/17/2019,0.007825719,0,0,0,0,0,0,0,0,0,Observed
682920,6217,All Visitors,All Devices,2/18/2019,0.009103555,0,0,0,0,0,0,0,0,0,Observed
662657,5807,All Visitors,All Devices,2/19/2019,0.008763206,0,1,0,0,1,0,0,0,0,Observed
796812,8041,All Visitors,All Devices,2/20/2019,0.010091464,1,0,0,1,0,0,1,0,0,Observed
835134,8312,All Visitors,All Devices,2/21/2019,0.009952894,0,1,0,0,0,0,0,0,0,Observed
788164,13084,All Visitors,All Devices,2/22/2019,0.016600606,0,0,0,1,1,1,1,1,1,Observed
689473,6448,All Visitors,All Devices,2/23/2019,0.00935207,0,0,0,0,0,0,1,0,0,Observed
679961,6259,All Visitors,All Devices,2/24/2019,0.00920494,0,0,0,0,0,0,0,0,0,Observed
701911,6673,All Visitors,All Devices,2/25/2019,0.009506903,0,0,0,0,0,0,0,0,0,Observed
694324,6481,All Visitors,All Devices,2/26/2019,0.009334259,0,0,0,0,0,0,0,0,0,Observed
712073,7928,All Visitors,All Devices,2/27/2019,0.01113369,0,0,0,1,1,0,0,0,0,Observed
636347,6919,All Visitors,All Devices,2/28/2019,0.010872999,0,1,0,0,0,0,0,0,0,Observed
681591,7786,All Visitors,All Devices,3/1/2019,0.011423273,0,0,0,0,0,0,0,0,0,Observed
617902,6862,All Visitors,All Devices,3/2/2019,0.011105321,0,0,0,0,0,0,0,0,0,Observed
584435,6747,All Visitors,All Devices,3/3/2019,0.011544483,0,0,0,0,0,0,0,0,0,Observed
664686,7609,All Visitors,All Devices,3/4/2019,0.011447511,0,0,0,0,0,0,0,0,0,Observed
639790,7051,All Visitors,All Devices,3/5/2019,0.011020804,0,0,0,0,0,0,0,0,0,Observed
630434,7331,All Visitors,All Devices,3/6/2019,0.011628497,0,0,0,0,0,0,0,0,0,Observed
525185,5479,All Visitors,All Devices,3/7/2019,0.010432514,0,1,0,0,1,0,0,0,0,Observed
674127,7006,All Visitors,All Devices,3/8/2019,0.0103927,0,1,0,0,0,0,0,0,0,Observed
559375,5877,All Visitors,All Devices,3/9/2019,0.010506369,0,0,0,0,0,0,0,0,0,Observed
535700,5308,All Visitors,All Devices,3/10/2019,0.009908531,0,0,0,0,0,0,0,0,0,Observed
629173,6393,All Visitors,All Devices,3/11/2019,0.010160957,0,0,0,0,0,0,0,0,0,Observed
657024,6110,All Visitors,All Devices,3/12/2019,0.009299508,0,0,0,0,0,0,0,0,0,Observed
693097,6563,All Visitors,All Devices,3/13/2019,0.009469093,0,0,0,0,0,0,0,0,0,Observed
742669,6818,All Visitors,All Devices,3/14/2019,0.009180402,0,1,0,0,0,0,0,0,0,Observed
642488,6460,All Visitors,All Devices,3/15/2019,0.010054662,0,0,0,0,0,0,0,0,0,Observed
580696,5713,All Visitors,All Devices,3/16/2019,0.009838194,0,0,0,0,0,0,0,0,0,Observed
571953,5458,All Visitors,All Devices,3/17/2019,0.009542742,0,0,0,0,0,0,0,0,0,Observed
616042,6132,All Visitors,All Devices,3/18/2019,0.009953867,0,0,0,0,0,0,0,0,0,Observed
609722,6521,All Visitors,All Devices,3/19/2019,0.010695038,0,0,0,0,0,0,0,1,0,Observed
644274,6366,All Visitors,All Devices,3/20/2019,0.009880889,0,0,0,0,0,0,0,0,0,Observed
653760,5783,All Visitors,All Devices,3/21/2019,0.008845754,0,0,0,0,0,0,0,0,0,Observed
672620,6296,All Visitors,All Devices,3/22/2019,0.009360412,0,0,0,0,0,0,0,0,0,Observed
590888,5298,All Visitors,All Devices,3/23/2019,0.008966166,0,0,0,0,0,0,0,0,0,Observed
567274,4873,All Visitors,All Devices,3/24/2019,0.008590205,0,0,0,0,0,0,0,0,0,Observed
647800,6545,All Visitors,All Devices,3/25/2019,0.010103427,0,0,0,0,0,0,0,0,0,Observed
654935,6258,All Visitors,All Devices,3/26/2019,0.009555147,0,0,0,0,0,0,0,0,0,Observed
665719,6333,All Visitors,All Devices,3/27/2019,0.009513023,0,0,0,0,0,0,0,0,0,Observed
686746,6075,All Visitors,All Devices,3/28/2019,0.008846065,0,0,0,0,0,0,0,0,0,Observed
706084,6060,All Visitors,All Devices,3/29/2019,0.008582548,0,0,0,0,0,0,0,0,0,Observed
624053,5448,All Visitors,All Devices,3/30/2019,0.008730028,0,0,0,0,0,0,0,0,0,Observed
599866,5447,All Visitors,All Devices,3/31/2019,0.009080361,0,0,0,0,0,0,0,0,0,Observed
271047,1288,All Visitors,Mobile Phone,2/1/2019,0.004751943,0,0,0,0,0,0,0,0,0,Observed
289723,1326,All Visitors,Mobile Phone,2/2/2019,0.004576785,1,0,0,0,0,0,0,0,0,Observed
226302,922,All Visitors,Mobile Phone,2/3/2019,0.004074202,1,1,0,1,1,0,0,0,0,Observed
267604,1168,All Visitors,Mobile Phone,2/4/2019,0.004364658,0,0,0,0,0,0,0,0,0,Observed
269962,1145,All Visitors,Mobile Phone,2/5/2019,0.004241338,0,0,0,0,0,0,0,0,0,Observed
269618,1172,All Visitors,Mobile Phone,2/6/2019,0.004346891,0,1,0,0,0,0,0,0,0,Observed
310025,1397,All Visitors,Mobile Phone,2/7/2019,0.004506088,0,0,0,0,1,0,0,1,0,Observed
316687,1351,All Visitors,Mobile Phone,2/8/2019,0.004266042,0,0,0,0,0,0,0,0,0,Observed
323629,1399,All Visitors,Mobile Phone,2/9/2019,0.004322851,0,0,0,0,0,0,0,0,0,Observed
318592,1207,All Visitors,Mobile Phone,2/10/2019,0.003788545,0,0,0,0,0,0,1,0,0,Observed
309294,1163,All Visitors,Mobile Phone,2/11/2019,0.003760176,0,0,0,0,0,0,0,0,0,Observed
293015,1152,All Visitors,Mobile Phone,2/12/2019,0.003931539,0,0,0,0,0,0,0,0,0,Observed
286453,1157,All Visitors,Mobile Phone,2/13/2019,0.004039057,0,0,0,0,0,0,0,0,0,Observed
277593,1047,All Visitors,Mobile Phone,2/14/2019,0.003771709,0,1,0,0,0,0,0,0,0,Observed
291843,1242,All Visitors,Mobile Phone,2/15/2019,0.004255713,0,0,0,0,0,0,0,0,0,Observed
309146,1268,All Visitors,Mobile Phone,2/16/2019,0.004101622,0,0,0,0,0,0,0,0,0,Observed
299109,1086,All Visitors,Mobile Phone,2/17/2019,0.003630783,0,0,0,0,1,1,0,0,0,Observed
300448,1234,All Visitors,Mobile Phone,2/18/2019,0.0041072,0,0,0,1,0,0,0,0,0,Observed
286630,1135,All Visitors,Mobile Phone,2/19/2019,0.003959809,0,1,0,0,1,0,1,0,0,Observed
351236,1950,All Visitors,Mobile Phone,2/20/2019,0.005551823,1,0,0,1,1,0,1,1,0,Observed
374096,1779,All Visitors,Mobile Phone,2/21/2019,0.004755464,0,0,0,1,0,0,1,0,0,Observed
363480,3605,All Visitors,Mobile Phone,2/22/2019,0.009918015,0,0,0,1,1,1,1,1,1,Observed
355269,1670,All Visitors,Mobile Phone,2/23/2019,0.004700663,0,0,0,1,0,0,1,0,0,Observed
352651,1602,All Visitors,Mobile Phone,2/24/2019,0.004542735,0,1,0,0,0,0,0,0,0,Observed
305779,1265,All Visitors,Mobile Phone,2/25/2019,0.004136975,1,0,0,1,1,0,1,1,1,Observed
310351,1442,All Visitors,Mobile Phone,2/26/2019,0.004646352,0,0,0,0,0,0,0,0,0,Observed
323694,1906,All Visitors,Mobile Phone,2/27/2019,0.005888277,0,0,0,1,1,0,1,1,0,Observed
276223,1467,All Visitors,Mobile Phone,2/28/2019,0.005310926,1,1,0,0,0,0,0,0,0,Observed
301636,1668,All Visitors,Mobile Phone,3/1/2019,0.005529844,0,0,0,0,0,0,0,0,0,Observed
300247,1699,All Visitors,Mobile Phone,3/2/2019,0.005658674,0,0,0,1,0,0,1,0,0,Observed
279805,1643,All Visitors,Mobile Phone,3/3/2019,0.005871947,0,0,0,0,0,0,0,1,0,Observed
272458,1442,All Visitors,Mobile Phone,3/4/2019,0.005292559,0,0,0,0,0,0,0,0,0,Observed
261326,1339,All Visitors,Mobile Phone,3/5/2019,0.005123868,0,0,0,0,0,0,0,0,0,Observed
258675,1373,All Visitors,Mobile Phone,3/6/2019,0.005307819,0,0,0,0,0,0,0,0,0,Observed
227320,1049,All Visitors,Mobile Phone,3/7/2019,0.00461464,1,1,0,0,1,0,0,0,0,Observed
285902,1411,All Visitors,Mobile Phone,3/8/2019,0.004935258,1,0,0,0,0,0,0,0,0,Observed
273767,1282,All Visitors,Mobile Phone,3/9/2019,0.004682814,0,0,0,0,0,0,0,0,0,Observed
261116,1207,All Visitors,Mobile Phone,3/10/2019,0.004622467,0,0,0,0,0,0,0,0,0,Observed
261686,1201,All Visitors,Mobile Phone,3/11/2019,0.00458947,0,0,0,0,0,0,0,0,0,Observed
270573,1161,All Visitors,Mobile Phone,3/12/2019,0.004290894,0,0,0,0,0,0,1,0,0,Observed
296098,1328,All Visitors,Mobile Phone,3/13/2019,0.004485002,0,1,0,0,0,0,0,0,0,Observed
326274,1373,All Visitors,Mobile Phone,3/14/2019,0.00420812,1,1,0,0,1,0,0,0,0,Observed
261810,1312,All Visitors,Mobile Phone,3/15/2019,0.005011268,1,0,0,0,0,0,1,0,0,Observed
270584,1282,All Visitors,Mobile Phone,3/16/2019,0.0047379,0,0,0,0,0,0,0,0,0,Observed
272256,1247,All Visitors,Mobile Phone,3/17/2019,0.004580248,0,0,0,0,0,0,0,0,0,Observed
239185,1108,All Visitors,Mobile Phone,3/18/2019,0.004632398,0,1,0,0,0,0,0,0,0,Observed
242081,1118,All Visitors,Mobile Phone,3/19/2019,0.004618289,1,1,0,0,0,0,0,1,0,Observed
324860,1314,All Visitors,Mobile Phone,3/20/2019,0.004044819,1,0,0,0,0,0,1,0,0,Observed
339804,1233,All Visitors,Mobile Phone,3/21/2019,0.003628562,0,0,0,0,0,0,0,0,0,Observed
358419,1491,All Visitors,Mobile Phone,3/22/2019,0.004159936,0,0,0,0,0,0,0,0,0,Observed
355888,1397,All Visitors,Mobile Phone,3/23/2019,0.003925392,0,0,0,0,0,0,1,0,0,Observed
344488,1254,All Visitors,Mobile Phone,3/24/2019,0.003640185,0,0,0,0,0,0,0,0,0,Observed
333187,1343,All Visitors,Mobile Phone,3/25/2019,0.00403077,0,0,0,0,0,0,0,0,0,Observed
342637,1345,All Visitors,Mobile Phone,3/26/2019,0.003925437,0,0,0,0,0,0,0,0,0,Observed
358725,1533,All Visitors,Mobile Phone,3/27/2019,0.004273469,0,0,0,0,0,0,0,0,0,Observed
374065,1536,All Visitors,Mobile Phone,3/28/2019,0.004106238,0,0,0,0,1,0,0,0,0,Observed
394263,1500,All Visitors,Mobile Phone,3/29/2019,0.003804567,0,0,0,0,0,0,0,1,0,Observed
390844,1572,All Visitors,Mobile Phone,3/30/2019,0.004022065,0,0,0,0,0,0,0,0,0,Observed
361985,1480,All Visitors,Mobile Phone,3/31/2019,0.004088567,0,0,0,0,0,0,0,0,0,Observed
333776,4073,All Visitors,Desktop,2/1/2019,0.012202795,0,0,0,0,0,0,0,0,0,Observed
266785,3398,All Visitors,Desktop,2/2/2019,0.012736848,0,0,0,0,0,0,0,0,0,Observed
189542,2158,All Visitors,Desktop,2/3/2019,0.011385339,0,1,0,0,1,0,0,0,0,Observed
330860,4104,All Visitors,Desktop,2/4/2019,0.012404038,0,0,0,0,0,0,0,0,0,Observed
331029,4196,All Visitors,Desktop,2/5/2019,0.012675627,0,0,0,0,0,0,0,0,0,Observed
326372,3962,All Visitors,Desktop,2/6/2019,0.012139522,0,1,0,0,0,0,0,0,0,Observed
344519,4556,All Visitors,Desktop,2/7/2019,0.013224234,0,0,0,0,0,0,0,0,0,Observed
351938,4377,All Visitors,Desktop,2/8/2019,0.01243685,0,0,0,0,0,0,0,0,0,Observed
282655,3766,All Visitors,Desktop,2/9/2019,0.013323663,0,0,0,0,0,0,0,0,0,Observed
272816,3349,All Visitors,Desktop,2/10/2019,0.012275673,0,0,0,0,0,0,0,0,0,Observed
345299,4612,All Visitors,Desktop,2/11/2019,0.01335654,0,0,0,0,0,0,0,0,0,Observed
327723,4571,All Visitors,Desktop,2/12/2019,0.013947755,0,1,0,0,0,0,0,1,0,Observed
343171,4219,All Visitors,Desktop,2/13/2019,0.012294162,0,0,0,0,0,0,0,0,0,Observed
323082,3780,All Visitors,Desktop,2/14/2019,0.011699816,0,0,0,0,0,0,0,0,0,Observed
335396,3956,All Visitors,Desktop,2/15/2019,0.011795012,0,0,0,0,0,0,0,0,0,Observed
279123,3442,All Visitors,Desktop,2/16/2019,0.012331481,0,0,0,0,0,0,0,0,0,Observed
260962,3235,All Visitors,Desktop,2/17/2019,0.012396441,0,0,0,0,0,0,0,0,0,Observed
341677,4537,All Visitors,Desktop,2/18/2019,0.013278623,0,0,0,0,0,0,0,0,0,Observed
338277,4332,All Visitors,Desktop,2/19/2019,0.012806073,0,0,0,0,1,0,0,0,0,Observed
399642,5645,All Visitors,Desktop,2/20/2019,0.014125142,0,1,0,0,0,0,0,0,0,Observed
417357,6112,All Visitors,Desktop,2/21/2019,0.014644537,0,1,1,0,1,0,1,0,0,Observed
380936,8831,All Visitors,Desktop,2/22/2019,0.023182372,0,0,0,1,1,1,1,1,1,Observed
288142,4224,All Visitors,Desktop,2/23/2019,0.014659439,0,0,0,0,0,0,1,0,0,Observed
280586,4180,All Visitors,Desktop,2/24/2019,0.014897393,0,0,0,0,0,0,0,0,0,Observed
358322,5000,All Visitors,Desktop,2/25/2019,0.01395393,0,0,0,0,0,0,0,0,0,Observed
347337,4631,All Visitors,Desktop,2/26/2019,0.013332873,0,0,0,0,1,0,0,0,0,Observed
351063,5583,All Visitors,Desktop,2/27/2019,0.015903128,0,0,0,0,0,0,0,0,0,Observed
328003,5074,All Visitors,Desktop,2/28/2019,0.015469371,0,0,0,0,0,0,0,0,0,Observed
342238,5658,All Visitors,Desktop,3/1/2019,0.016532355,0,0,0,0,0,0,0,0,0,Observed
276661,4537,All Visitors,Desktop,3/2/2019,0.016399131,0,0,0,0,0,0,0,0,0,Observed
265106,4580,All Visitors,Desktop,3/3/2019,0.017276108,0,0,0,0,0,0,0,0,0,Observed
356848,5727,All Visitors,Desktop,3/4/2019,0.01604885,0,0,0,0,0,0,0,0,0,Observed
343819,5295,All Visitors,Desktop,3/5/2019,0.015400545,0,0,0,0,0,0,0,0,0,Observed
336311,5517,All Visitors,Desktop,3/6/2019,0.016404459,0,0,0,0,0,0,0,0,0,Observed
271604,4171,All Visitors,Desktop,3/7/2019,0.015356917,0,1,0,0,1,0,0,0,0,Observed
351146,5187,All Visitors,Desktop,3/8/2019,0.014771633,0,1,0,0,0,0,0,0,0,Observed
247745,4112,All Visitors,Desktop,3/9/2019,0.016597711,0,0,0,0,0,0,0,0,0,Observed
236536,3649,All Visitors,Desktop,3/10/2019,0.015426827,0,0,0,0,0,0,0,0,0,Observed
333815,4819,All Visitors,Desktop,3/11/2019,0.01443614,0,0,0,0,0,0,0,0,0,Observed
352032,4574,All Visitors,Desktop,3/12/2019,0.012993137,0,0,0,0,0,0,0,0,0,Observed
359499,4876,All Visitors,Desktop,3/13/2019,0.01356332,0,0,0,0,0,0,0,0,0,Observed
375706,5090,All Visitors,Desktop,3/14/2019,0.013547827,0,1,0,0,0,0,0,0,0,Observed
343916,4764,All Visitors,Desktop,3/15/2019,0.01385222,0,0,0,0,0,0,0,0,0,Observed
269354,3964,All Visitors,Desktop,3/16/2019,0.014716693,0,0,0,0,0,0,0,0,0,Observed
259925,3792,All Visitors,Desktop,3/17/2019,0.014588824,0,0,0,0,0,0,0,0,0,Observed
343875,4660,All Visitors,Desktop,3/18/2019,0.013551436,0,0,0,0,0,0,0,1,0,Observed
335250,5010,All Visitors,Desktop,3/19/2019,0.014944072,0,0,0,0,0,0,0,0,0,Observed
281714,4588,All Visitors,Desktop,3/20/2019,0.016286021,0,1,0,0,0,0,0,0,0,Observed
274311,4165,All Visitors,Desktop,3/21/2019,0.015183496,0,0,0,0,0,0,0,0,0,Observed
271272,4382,All Visitors,Desktop,3/22/2019,0.016153529,0,0,0,0,0,0,0,0,0,Observed
189812,3425,All Visitors,Desktop,3/23/2019,0.01804417,0,0,0,0,0,0,0,0,0,Observed
177927,3136,All Visitors,Desktop,3/24/2019,0.017625206,0,0,0,0,0,0,0,0,0,Observed
274780,4819,All Visitors,Desktop,3/25/2019,0.017537666,0,0,0,0,0,0,0,0,0,Observed
272253,4504,All Visitors,Desktop,3/26/2019,0.016543436,0,0,0,0,0,0,0,0,0,Observed
265624,4392,All Visitors,Desktop,3/27/2019,0.01653465,0,0,0,0,0,0,0,0,0,Observed
270177,4192,All Visitors,Desktop,3/28/2019,0.015515754,0,0,0,0,0,0,0,0,0,Observed
267532,4187,All Visitors,Desktop,3/29/2019,0.015650464,0,0,0,0,0,0,0,0,0,Observed
187410,3343,All Visitors,Desktop,3/30/2019,0.017837896,0,0,0,0,0,0,0,0,0,Observed
192688,3460,All Visitors,Desktop,3/31/2019,0.017956489,0,0,0,0,0,0,0,0,0,Observed
39403,371,All Visitors,Tablet,2/1/2019,0.009415527,0,0,0,0,0,0,0,0,0,Observed
44256,430,All Visitors,Tablet,2/2/2019,0.009716197,1,0,0,0,0,0,0,0,0,Observed
36930,292,All Visitors,Tablet,2/3/2019,0.007906851,0,1,0,0,1,0,0,1,0,Observed
37896,360,All Visitors,Tablet,2/4/2019,0.009499683,0,0,0,0,0,0,0,0,0,Observed
37627,352,All Visitors,Tablet,2/5/2019,0.009354984,0,0,0,0,0,0,0,0,0,Observed
39136,308,All Visitors,Tablet,2/6/2019,0.007869992,0,0,0,0,1,0,0,1,0,Observed
42246,356,All Visitors,Tablet,2/7/2019,0.008426833,0,0,0,0,0,0,0,0,0,Observed
42214,358,All Visitors,Tablet,2/8/2019,0.008480599,0,0,0,0,1,0,0,0,0,Observed
46899,487,All Visitors,Tablet,2/9/2019,0.010384017,0,0,0,0,0,0,0,0,0,Observed
46218,460,All Visitors,Tablet,2/10/2019,0.009952832,0,0,0,0,0,0,0,0,0,Observed
41772,342,All Visitors,Tablet,2/11/2019,0.008187302,0,0,0,0,0,0,0,0,0,Observed
41268,320,All Visitors,Tablet,2/12/2019,0.007754192,0,1,0,0,0,0,0,0,0,Observed
38420,333,All Visitors,Tablet,2/13/2019,0.008667361,0,0,0,0,0,0,0,0,0,Observed
36528,303,All Visitors,Tablet,2/14/2019,0.008295007,0,0,0,0,0,0,0,0,0,Observed
38618,409,All Visitors,Tablet,2/15/2019,0.010590916,0,0,0,0,1,0,0,1,0,Observed
42938,433,All Visitors,Tablet,2/16/2019,0.010084308,0,0,0,0,0,0,0,0,0,Observed
43254,401,All Visitors,Tablet,2/17/2019,0.009270819,0,0,0,0,0,0,0,0,0,Observed
40765,445,All Visitors,Tablet,2/18/2019,0.010916227,0,0,0,0,1,0,0,1,0,Observed
37725,338,All Visitors,Tablet,2/19/2019,0.008959576,0,1,0,0,1,0,0,0,0,Observed
45918,444,All Visitors,Tablet,2/20/2019,0.009669411,1,1,0,0,0,0,0,0,0,Observed
43744,421,All Visitors,Tablet,2/21/2019,0.009624177,0,0,0,0,0,0,0,0,0,Observed
43525,648,All Visitors,Tablet,2/22/2019,0.014887995,0,0,0,1,1,1,1,1,1,Observed
45713,554,All Visitors,Tablet,2/23/2019,0.012119091,0,0,0,0,0,0,0,0,0,Observed
46449,476,All Visitors,Tablet,2/24/2019,0.010247799,0,1,0,0,0,0,0,1,0,Observed
37113,407,All Visitors,Tablet,2/25/2019,0.010966508,1,0,0,0,0,0,0,0,0,Observed
35470,407,All Visitors,Tablet,2/26/2019,0.011474485,0,0,0,0,0,0,0,0,0,Observed
37029,437,All Visitors,Tablet,2/27/2019,0.011801561,0,0,0,0,0,0,0,0,0,Observed
32575,378,All Visitors,Tablet,2/28/2019,0.011603991,0,1,0,0,0,0,0,0,0,Observed
37524,458,All Visitors,Tablet,3/1/2019,0.012205522,0,0,0,0,0,0,0,0,0,Observed
40572,624,All Visitors,Tablet,3/2/2019,0.015380065,0,0,0,1,1,0,1,1,0,Observed
38869,524,All Visitors,Tablet,3/3/2019,0.01348118,0,0,0,0,0,0,0,0,0,Observed
34282,440,All Visitors,Tablet,3/4/2019,0.012834724,0,0,0,0,0,0,0,0,0,Observed
33782,416,All Visitors,Tablet,3/5/2019,0.01231425,0,0,0,0,0,0,0,0,0,Observed
34235,439,All Visitors,Tablet,3/6/2019,0.012823134,0,0,0,0,0,0,0,0,0,Observed
25405,259,All Visitors,Tablet,3/7/2019,0.010194844,1,1,1,1,1,0,0,0,0,Observed
36927,407,All Visitors,Tablet,3/8/2019,0.011021746,1,0,0,0,0,0,0,0,0,Observed
37745,482,All Visitors,Tablet,3/9/2019,0.012769903,0,1,0,0,0,0,0,0,0,Observed
37931,450,All Visitors,Tablet,3/10/2019,0.011863647,0,0,0,0,0,0,0,0,0,Observed
33620,371,All Visitors,Tablet,3/11/2019,0.011035098,0,0,0,0,0,0,0,0,0,Observed
33368,374,All Visitors,Tablet,3/12/2019,0.011208343,0,0,0,0,0,0,0,0,0,Observed
36165,359,All Visitors,Tablet,3/13/2019,0.009926725,0,0,0,0,0,0,0,0,0,Observed
39145,355,All Visitors,Tablet,3/14/2019,0.009068847,0,1,0,0,0,0,0,0,0,Observed
35232,384,All Visitors,Tablet,3/15/2019,0.010899183,0,0,0,0,0,0,0,0,0,Observed
38783,467,All Visitors,Tablet,3/16/2019,0.012041358,0,0,0,0,0,0,0,0,0,Observed
37436,419,All Visitors,Tablet,3/17/2019,0.011192435,0,0,0,0,0,0,0,0,0,Observed
31610,364,All Visitors,Tablet,3/18/2019,0.011515343,0,1,0,0,0,0,0,0,0,Observed
32318,392,All Visitors,Tablet,3/19/2019,0.012129463,0,1,0,0,0,0,0,0,0,Observed
37048,464,All Visitors,Tablet,3/20/2019,0.012524293,0,0,0,0,1,0,0,0,0,Observed
37658,385,All Visitors,Tablet,3/21/2019,0.010223591,0,0,0,0,0,0,0,0,0,Observed
41532,422,All Visitors,Tablet,3/22/2019,0.01016084,0,0,0,0,0,0,0,0,0,Observed
43460,476,All Visitors,Tablet,3/23/2019,0.0109526,0,0,0,0,0,0,0,0,0,Observed
42587,483,All Visitors,Tablet,3/24/2019,0.011341489,0,0,0,0,0,0,0,0,0,Observed
37663,383,All Visitors,Tablet,3/25/2019,0.010169132,0,0,0,0,0,0,0,0,0,Observed
37953,408,All Visitors,Tablet,3/26/2019,0.010750138,0,0,0,0,0,0,0,0,0,Observed
38629,408,All Visitors,Tablet,3/27/2019,0.010562013,0,0,0,0,0,0,0,0,0,Observed
39525,345,All Visitors,Tablet,3/28/2019,0.008728653,0,0,0,0,0,0,0,0,0,Observed
41521,373,All Visitors,Tablet,3/29/2019,0.008983406,0,0,0,0,1,0,0,1,0,Observed
43614,531,All Visitors,Tablet,3/30/2019,0.01217499,0,0,0,0,0,0,0,0,0,Observed
42149,507,All Visitors,Tablet,3/31/2019,0.012028755,0,0,0,0,0,0,0,0,0,Observed
247743,4546,CUSTOMER,All Devices,2/1/2019,0.018349661,0,0,0,0,0,0,0,0,0,Observed
212136,4288,CUSTOMER,All Devices,2/2/2019,0.020213448,1,0,0,0,0,0,0,0,0,Observed
79856,1342,CUSTOMER,All Devices,2/3/2019,0.016805249,1,1,1,1,1,1,0,1,0,Observed
166224,3073,CUSTOMER,All Devices,2/4/2019,0.018487102,0,1,0,0,1,0,0,0,0,Observed
243011,4660,CUSTOMER,All Devices,2/5/2019,0.019176087,1,0,0,1,0,0,0,0,0,Observed
242911,4381,CUSTOMER,All Devices,2/6/2019,0.018035412,0,0,0,0,0,0,0,0,0,Observed
265983,5234,CUSTOMER,All Devices,2/7/2019,0.019677949,1,0,0,1,0,0,0,0,0,Observed
253703,4936,CUSTOMER,All Devices,2/8/2019,0.01945582,0,0,0,0,0,0,0,0,0,Observed
227168,4762,CUSTOMER,All Devices,2/9/2019,0.02096246,0,0,0,0,0,0,0,0,0,Observed
216276,4187,CUSTOMER,All Devices,2/10/2019,0.019359522,0,0,0,0,0,0,0,0,0,Observed
238083,5086,CUSTOMER,All Devices,2/11/2019,0.021362298,0,0,0,1,0,0,0,0,0,Observed
247234,4993,CUSTOMER,All Devices,2/12/2019,0.020195442,0,0,0,0,0,0,0,0,0,Observed
249552,4508,CUSTOMER,All Devices,2/13/2019,0.018064371,0,0,0,0,0,0,0,0,0,Observed
239925,4063,CUSTOMER,All Devices,2/14/2019,0.016934459,0,0,0,0,0,0,0,0,0,Observed
253349,4481,CUSTOMER,All Devices,2/15/2019,0.017687064,0,0,0,0,0,0,0,0,0,Observed
220569,4048,CUSTOMER,All Devices,2/16/2019,0.018352534,1,0,0,0,0,0,0,0,0,Observed
199403,3721,CUSTOMER,All Devices,2/17/2019,0.018660702,0,0,0,0,0,0,0,0,0,Observed
241654,4867,CUSTOMER,All Devices,2/18/2019,0.020140366,1,0,0,0,0,0,0,0,0,Observed
254518,4380,CUSTOMER,All Devices,2/19/2019,0.017208999,0,0,0,0,0,0,0,1,0,Observed
301569,5877,CUSTOMER,All Devices,2/20/2019,0.019488077,1,0,0,1,0,0,0,0,0,Observed
327615,6812,CUSTOMER,All Devices,2/21/2019,0.020792699,0,0,0,1,1,0,0,0,0,Observed
33127,523,CUSTOMER,All Devices,2/22/2019,0.015787726,1,1,1,1,1,1,1,1,0,Observed
241395,5275,CUSTOMER,All Devices,2/23/2019,0.021852151,0,0,0,0,0,0,0,0,0,Observed
220731,4950,CUSTOMER,All Devices,2/24/2019,0.022425486,0,0,0,0,0,0,0,0,0,Observed
249361,5304,CUSTOMER,All Devices,2/25/2019,0.021270367,0,0,0,1,0,0,0,0,0,Observed
273852,5074,CUSTOMER,All Devices,2/26/2019,0.018528256,0,0,0,0,0,0,0,1,0,Observed
271480,6046,CUSTOMER,All Devices,2/27/2019,0.022270517,0,0,0,0,0,0,0,1,0,Observed
247150,5255,CUSTOMER,All Devices,2/28/2019,0.021262391,0,0,0,1,0,0,0,0,0,Observed
289451,6300,CUSTOMER,All Devices,3/1/2019,0.021765342,0,0,0,1,0,0,0,0,0,Observed
244302,5622,CUSTOMER,All Devices,3/2/2019,0.023012501,0,0,0,0,0,0,0,0,0,Observed
226742,5560,CUSTOMER,All Devices,3/3/2019,0.024521262,1,0,0,0,0,0,0,0,0,Observed
269161,6224,CUSTOMER,All Devices,3/4/2019,0.023123707,0,0,0,1,0,0,0,0,0,Observed
255906,5792,CUSTOMER,All Devices,3/5/2019,0.022633311,0,0,0,0,0,0,0,0,0,Observed
254899,5939,CUSTOMER,All Devices,3/6/2019,0.023299424,0,0,0,0,0,0,0,1,0,Observed
162285,3087,CUSTOMER,All Devices,3/7/2019,0.019022091,1,1,0,1,1,0,0,0,0,Observed
220092,4806,CUSTOMER,All Devices,3/9/2019,0.021836323,0,0,0,0,0,0,0,0,0,Observed
207811,4299,CUSTOMER,All Devices,3/10/2019,0.020687067,0,0,0,1,0,0,0,0,0,Observed
255289,5126,CUSTOMER,All Devices,3/11/2019,0.020079204,1,0,0,0,0,0,0,0,0,Observed
251155,4879,CUSTOMER,All Devices,3/12/2019,0.019426251,0,0,0,0,0,0,0,0,0,Observed
284791,5489,CUSTOMER,All Devices,3/13/2019,0.019273783,1,0,0,0,0,0,0,0,0,Observed
300844,5567,CUSTOMER,All Devices,3/14/2019,0.018504607,0,0,0,0,0,0,0,0,0,Observed
257987,5259,CUSTOMER,All Devices,3/15/2019,0.020384748,1,0,0,0,0,0,0,0,0,Observed
212715,4705,CUSTOMER,All Devices,3/16/2019,0.022118797,1,0,0,0,0,0,0,0,0,Observed
196150,4458,CUSTOMER,All Devices,3/17/2019,0.022727504,0,0,0,0,0,0,0,0,0,Observed
248378,5008,CUSTOMER,All Devices,3/18/2019,0.020162816,1,0,0,0,0,0,0,0,0,Observed
258394,5157,CUSTOMER,All Devices,3/19/2019,0.019957894,0,0,0,0,0,0,0,0,0,Observed
264970,5059,CUSTOMER,All Devices,3/20/2019,0.019092727,0,0,0,0,0,0,0,0,0,Observed
147825,2413,CUSTOMER,All Devices,3/21/2019,0.016323355,1,1,1,1,1,1,0,0,0,Observed
263383,5073,CUSTOMER,All Devices,3/22/2019,0.019260924,1,0,0,1,0,0,0,0,0,Observed
210333,4448,CUSTOMER,All Devices,3/23/2019,0.021147419,0,0,0,0,0,0,0,0,0,Observed
195413,3995,CUSTOMER,All Devices,3/24/2019,0.02044388,1,0,0,1,0,0,0,0,0,Observed
248364,5254,CUSTOMER,All Devices,3/25/2019,0.021154435,1,0,0,1,1,0,0,0,0,Observed
242763,4744,CUSTOMER,All Devices,3/26/2019,0.019541693,0,0,0,0,0,0,0,0,0,Observed
6185,57,CUSTOMER,All Devices,3/27/2019,0.009215845,1,1,1,1,1,1,1,1,1,Observed
81411,1277,CUSTOMER,All Devices,3/28/2019,0.015685841,1,1,1,1,1,1,0,0,0,Observed
264358,4831,CUSTOMER,All Devices,3/29/2019,0.018274461,0,0,0,0,0,0,0,0,0,Observed
216612,4393,CUSTOMER,All Devices,3/30/2019,0.020280502,1,0,0,1,0,0,0,0,0,Observed
207878,4372,CUSTOMER,All Devices,3/31/2019,0.021031567,1,0,0,1,0,0,0,0,0,Observed
46556,217,PROSPECT,All Devices,2/1/2019,0.004661053,0,0,0,0,0,0,0,0,0,Observed
42078,171,PROSPECT,All Devices,2/2/2019,0.004063881,0,0,0,0,0,0,0,0,0,Observed
17097,62,PROSPECT,All Devices,2/3/2019,0.003626367,1,1,1,0,1,0,0,0,0,Observed
26897,137,PROSPECT,All Devices,2/4/2019,0.005093505,0,1,0,0,0,0,0,0,0,Observed
38005,164,PROSPECT,All Devices,2/5/2019,0.004315222,0,0,0,0,0,0,0,0,0,Observed
44375,212,PROSPECT,All Devices,2/6/2019,0.004777465,0,0,0,0,0,0,0,0,0,Observed
40601,186,PROSPECT,All Devices,2/7/2019,0.004581168,0,0,0,0,0,0,0,0,0,Observed
38714,179,PROSPECT,All Devices,2/8/2019,0.00462365,0,0,0,0,0,0,0,0,0,Observed
46714,184,PROSPECT,All Devices,2/9/2019,0.003938862,1,0,0,0,0,0,0,0,0,Observed
47784,181,PROSPECT,All Devices,2/10/2019,0.003787879,0,0,0,0,0,0,0,0,0,Observed
49779,212,PROSPECT,All Devices,2/11/2019,0.004258824,0,0,0,0,0,0,0,0,0,Observed
48698,193,PROSPECT,All Devices,2/12/2019,0.003963202,0,0,0,0,0,0,0,0,0,Observed
48092,221,PROSPECT,All Devices,2/13/2019,0.004595359,0,0,0,0,0,0,0,0,0,Observed
46875,200,PROSPECT,All Devices,2/14/2019,0.004266667,0,0,0,0,0,0,0,0,0,Observed
46866,219,PROSPECT,All Devices,2/15/2019,0.004672897,0,0,0,0,0,0,0,0,0,Observed
47579,177,PROSPECT,All Devices,2/16/2019,0.003720129,0,0,0,0,0,0,0,0,0,Observed
39630,157,PROSPECT,All Devices,2/17/2019,0.003961645,1,0,0,0,0,0,0,0,0,Observed
40190,161,PROSPECT,All Devices,2/18/2019,0.004005972,0,0,0,0,0,0,0,0,0,Observed
36820,145,PROSPECT,All Devices,2/19/2019,0.003938077,0,1,0,0,0,0,0,0,0,Observed
55877,223,PROSPECT,All Devices,2/20/2019,0.003990909,1,0,0,0,0,0,0,0,0,Observed
61352,255,PROSPECT,All Devices,2/21/2019,0.004156344,0,1,1,0,1,0,0,0,0,Observed
6717,54,PROSPECT,All Devices,2/22/2019,0.008039303,1,1,1,1,1,0,1,1,1,Observed
40003,173,PROSPECT,All Devices,2/23/2019,0.004324676,0,0,0,0,0,0,0,0,0,Observed
36653,128,PROSPECT,All Devices,2/24/2019,0.003492211,0,0,0,0,0,0,0,0,0,Observed
36643,119,PROSPECT,All Devices,2/25/2019,0.003247551,0,0,0,0,1,0,0,1,1,Observed
48968,233,PROSPECT,All Devices,2/26/2019,0.004758209,0,1,0,0,0,0,0,0,0,Observed
42680,295,PROSPECT,All Devices,2/27/2019,0.006911903,0,0,0,1,0,0,1,1,0,Observed
43037,266,PROSPECT,All Devices,2/28/2019,0.006180728,0,0,0,0,0,0,0,0,0,Observed
48006,318,PROSPECT,All Devices,3/1/2019,0.006624172,0,0,0,0,1,0,0,0,0,Observed
45233,241,PROSPECT,All Devices,3/2/2019,0.005327969,0,0,0,0,0,0,0,0,0,Observed
43986,212,PROSPECT,All Devices,3/3/2019,0.004819715,0,0,0,0,0,0,0,0,0,Observed
49184,265,PROSPECT,All Devices,3/4/2019,0.005387931,0,0,0,0,0,0,0,0,0,Observed
44856,235,PROSPECT,All Devices,3/5/2019,0.005238987,1,0,0,0,0,0,0,0,0,Observed
46681,272,PROSPECT,All Devices,3/6/2019,0.005826782,0,0,0,0,0,0,0,0,0,Observed
26578,163,PROSPECT,All Devices,3/7/2019,0.006132892,1,1,0,0,0,0,0,0,0,Observed
31503,136,PROSPECT,All Devices,3/9/2019,0.004317049,0,1,0,0,0,0,0,1,0,Observed
38146,164,PROSPECT,All Devices,3/10/2019,0.004299271,0,0,0,0,0,0,0,0,0,Observed
43226,234,PROSPECT,All Devices,3/11/2019,0.005413409,0,0,0,0,1,0,0,1,0,Observed
45624,207,PROSPECT,All Devices,3/12/2019,0.004537086,0,0,0,0,0,0,0,0,0,Observed
47035,180,PROSPECT,All Devices,3/13/2019,0.003826937,0,0,0,0,0,0,0,0,0,Observed
43769,220,PROSPECT,All Devices,3/14/2019,0.005026389,0,0,0,0,0,0,0,0,0,Observed
36260,211,PROSPECT,All Devices,3/15/2019,0.005819084,0,0,0,0,0,0,0,1,0,Observed
40713,192,PROSPECT,All Devices,3/16/2019,0.004715938,0,0,0,0,0,0,0,0,0,Observed
39836,159,PROSPECT,All Devices,3/17/2019,0.003991365,0,0,0,0,0,0,0,0,0,Observed
46104,179,PROSPECT,All Devices,3/18/2019,0.003882526,0,0,0,0,0,0,0,0,0,Observed
43018,206,PROSPECT,All Devices,3/19/2019,0.004788693,0,0,0,0,0,0,0,0,0,Observed
39083,192,PROSPECT,All Devices,3/20/2019,0.004912622,0,0,0,0,0,0,0,0,0,Observed
23836,110,PROSPECT,All Devices,3/21/2019,0.004614868,1,1,1,0,1,0,0,0,0,Observed
42665,222,PROSPECT,All Devices,3/22/2019,0.005203328,0,0,0,0,0,0,0,0,0,Observed
44116,172,PROSPECT,All Devices,3/23/2019,0.003898812,0,0,0,0,0,0,0,1,0,Observed
43913,184,PROSPECT,All Devices,3/24/2019,0.004190103,0,0,0,0,0,0,0,0,0,Observed
49951,270,PROSPECT,All Devices,3/25/2019,0.005405297,1,0,0,0,1,0,0,1,0,Observed
47120,247,PROSPECT,All Devices,3/26/2019,0.005241935,1,0,0,0,0,0,0,0,0,Observed
2221,3,PROSPECT,All Devices,3/27/2019,0.001350743,1,1,1,1,1,1,1,1,1,Observed
13063,57,PROSPECT,All Devices,3/28/2019,0.004363469,0,1,1,0,1,1,0,0,0,Observed
37694,179,PROSPECT,All Devices,3/29/2019,0.004748766,1,0,0,0,0,0,0,0,0,Observed
45094,202,PROSPECT,All Devices,3/30/2019,0.004479532,1,0,0,0,0,0,0,0,0,Observed
38603,157,PROSPECT,All Devices,3/31/2019,0.004067041,1,0,0,0,0,0,0,0,0,Observed
350533,972,UNDETERMINED,All Devices,2/1/2019,0.00277292,0,0,0,1,0,0,0,0,0,Observed
347215,695,UNDETERMINED,All Devices,2/2/2019,0.002001642,0,0,0,1,0,0,0,0,0,Observed
363015,1970,UNDETERMINED,All Devices,2/3/2019,0.005426773,0,0,0,0,1,1,1,1,1,Observed
454120,2423,UNDETERMINED,All Devices,2/4/2019,0.005335594,0,1,0,1,1,1,1,1,1,Observed
358095,869,UNDETERMINED,All Devices,2/5/2019,0.00242673,0,0,0,0,0,0,0,0,0,Observed
348434,852,UNDETERMINED,All Devices,2/6/2019,0.002445226,0,0,0,0,0,0,0,0,0,Observed
390894,892,UNDETERMINED,All Devices,2/7/2019,0.002281949,0,0,0,0,0,0,0,0,0,Observed
418994,973,UNDETERMINED,All Devices,2/8/2019,0.002322229,0,0,0,0,0,0,0,0,0,Observed
380060,707,UNDETERMINED,All Devices,2/9/2019,0.001860233,0,0,0,1,0,0,1,0,0,Observed
374400,649,UNDETERMINED,All Devices,2/10/2019,0.00173344,0,0,0,0,0,0,0,0,0,Observed
409437,820,UNDETERMINED,All Devices,2/11/2019,0.00200275,0,0,0,0,0,0,0,0,0,Observed
366730,857,UNDETERMINED,All Devices,2/12/2019,0.002336869,0,0,0,0,0,0,0,0,0,Observed
370989,979,UNDETERMINED,All Devices,2/13/2019,0.002638892,0,0,0,0,0,0,1,0,0,Observed
351345,867,UNDETERMINED,All Devices,2/14/2019,0.00246766,0,0,0,0,0,0,0,0,0,Observed
366288,908,UNDETERMINED,All Devices,2/15/2019,0.002478924,0,0,0,0,0,0,0,0,0,Observed
363779,920,UNDETERMINED,All Devices,2/16/2019,0.002529008,0,0,0,0,0,0,0,0,0,Observed
364962,844,UNDETERMINED,All Devices,2/17/2019,0.00231257,0,0,0,0,0,0,0,0,0,Observed
403903,1189,UNDETERMINED,All Devices,2/18/2019,0.002943776,0,0,0,1,0,0,1,0,0,Observed
371834,1283,UNDETERMINED,All Devices,2/19/2019,0.003450464,0,0,0,1,1,0,0,0,0,Observed
440457,1941,UNDETERMINED,All Devices,2/20/2019,0.004406787,1,0,0,0,0,1,1,0,0,Observed
447364,1245,UNDETERMINED,All Devices,2/21/2019,0.002782969,0,0,0,1,1,0,1,1,0,Observed
754800,12507,UNDETERMINED,All Devices,2/22/2019,0.016569952,1,1,1,1,1,1,1,1,1,Observed
408531,1000,UNDETERMINED,All Devices,2/23/2019,0.002447795,0,0,0,1,0,0,0,0,0,Observed
423118,1181,UNDETERMINED,All Devices,2/24/2019,0.002791184,0,0,0,0,0,0,0,0,0,Observed
417711,1250,UNDETERMINED,All Devices,2/25/2019,0.0029925,0,0,0,0,0,0,1,0,0,Observed
372179,1175,UNDETERMINED,All Devices,2/26/2019,0.003157083,0,0,0,0,0,0,0,0,0,Observed
398582,1587,UNDETERMINED,All Devices,2/27/2019,0.003981615,0,0,0,0,1,0,1,0,0,Observed
350187,1398,UNDETERMINED,All Devices,2/28/2019,0.003992153,1,0,0,0,0,0,0,0,0,Observed
344857,1168,UNDETERMINED,All Devices,3/1/2019,0.003386911,0,0,0,1,0,0,0,0,0,Observed
329074,999,UNDETERMINED,All Devices,3/2/2019,0.003035791,0,0,0,0,0,0,0,0,0,Observed
314355,975,UNDETERMINED,All Devices,3/3/2019,0.003101589,0,0,0,0,0,0,0,0,0,Observed
347359,1120,UNDETERMINED,All Devices,3/4/2019,0.00322433,0,0,0,0,0,0,1,0,0,Observed
339640,1024,UNDETERMINED,All Devices,3/5/2019,0.003014957,0,0,0,0,0,0,0,0,0,Observed
329541,1120,UNDETERMINED,All Devices,3/6/2019,0.003398667,0,0,0,0,0,0,0,0,0,Observed
344330,2229,UNDETERMINED,All Devices,3/7/2019,0.006473441,0,0,0,1,1,1,1,1,1,Observed
674127,7006,UNDETERMINED,All Devices,3/8/2019,0.0103927,1,1,1,1,1,1,1,1,1,Observed
308319,935,UNDETERMINED,All Devices,3/9/2019,0.003032573,1,0,0,1,0,0,0,0,0,Observed
291194,845,UNDETERMINED,All Devices,3/10/2019,0.002901846,0,0,0,0,0,0,0,0,0,Observed
331293,1033,UNDETERMINED,All Devices,3/11/2019,0.003118086,0,0,0,0,0,0,0,0,0,Observed
360930,1024,UNDETERMINED,All Devices,3/12/2019,0.002837115,0,0,0,0,0,0,1,0,0,Observed
362682,894,UNDETERMINED,All Devices,3/13/2019,0.002464969,0,0,0,0,0,0,1,1,0,Observed
398737,1031,UNDETERMINED,All Devices,3/14/2019,0.002585664,0,1,0,0,0,0,0,0,0,Observed
348837,990,UNDETERMINED,All Devices,3/15/2019,0.002838002,1,0,0,0,0,0,0,0,0,Observed
327857,816,UNDETERMINED,All Devices,3/16/2019,0.00248889,0,0,0,0,0,0,0,0,0,Observed
336549,841,UNDETERMINED,All Devices,3/17/2019,0.002498893,0,0,0,0,0,0,0,0,0,Observed
322119,945,UNDETERMINED,All Devices,3/18/2019,0.002933698,0,0,0,0,0,0,0,0,0,Observed
308960,1159,UNDETERMINED,All Devices,3/19/2019,0.003751295,0,0,0,0,0,0,1,1,0,Observed
340718,1115,UNDETERMINED,All Devices,3/20/2019,0.003272501,0,0,0,1,0,0,0,0,0,Observed
494932,3260,UNDETERMINED,All Devices,3/21/2019,0.006586763,1,1,1,1,1,1,1,1,1,Observed
367142,1001,UNDETERMINED,All Devices,3/22/2019,0.002726466,0,0,0,0,0,0,0,0,0,Observed
337113,678,UNDETERMINED,All Devices,3/23/2019,0.002011195,0,0,0,1,0,0,1,0,0,Observed
328524,694,UNDETERMINED,All Devices,3/24/2019,0.002112479,0,0,0,0,0,0,0,0,0,Observed
350130,1021,UNDETERMINED,All Devices,3/25/2019,0.00291606,1,0,0,1,0,0,1,0,0,Observed
368183,1267,UNDETERMINED,All Devices,3/26/2019,0.003441224,0,0,0,1,0,0,1,0,0,Observed
658794,6273,UNDETERMINED,All Devices,3/27/2019,0.009521945,1,1,1,1,1,1,1,1,1,Observed
603708,4741,UNDETERMINED,All Devices,3/28/2019,0.007853134,1,1,1,1,1,1,1,1,1,Observed
404662,1050,UNDETERMINED,All Devices,3/29/2019,0.002594758,0,0,0,1,0,0,1,0,0,Observed
363043,853,UNDETERMINED,All Devices,3/30/2019,0.002349584,1,0,0,1,0,0,1,0,0,Observed
353950,918,UNDETERMINED,All Devices,3/31/2019,0.002593587,0,0,0,1,0,0,0,0,0,Observed
79575,833,CUSTOMER,Mobile Phone,2/1/2019,0.010468112,0,0,0,0,0,0,0,0,0,Observed
82752,970,CUSTOMER,Mobile Phone,2/2/2019,0.011721771,0,0,0,0,0,0,0,0,0,Observed
32030,294,CUSTOMER,Mobile Phone,2/3/2019,0.009178895,1,1,1,1,1,0,0,1,0,Observed
48238,485,CUSTOMER,Mobile Phone,2/4/2019,0.010054314,1,1,0,0,1,0,0,0,0,Observed
77440,795,CUSTOMER,Mobile Phone,2/5/2019,0.010266012,0,0,0,0,0,0,0,0,0,Observed
79075,787,CUSTOMER,Mobile Phone,2/6/2019,0.009952577,0,0,0,0,0,0,0,0,0,Observed
93770,998,CUSTOMER,Mobile Phone,2/7/2019,0.010643063,1,0,0,1,1,0,0,0,0,Observed
85898,893,CUSTOMER,Mobile Phone,2/8/2019,0.010396051,0,0,0,0,0,0,0,0,0,Observed
91830,1021,CUSTOMER,Mobile Phone,2/9/2019,0.011118371,0,0,0,0,0,0,0,0,0,Observed
86474,871,CUSTOMER,Mobile Phone,2/10/2019,0.010072392,0,0,0,0,0,0,0,0,0,Observed
78626,816,CUSTOMER,Mobile Phone,2/11/2019,0.010378246,0,0,0,0,0,0,0,0,0,Observed
88257,810,CUSTOMER,Mobile Phone,2/12/2019,0.009177742,0,0,0,0,0,0,0,0,0,Observed
83362,767,CUSTOMER,Mobile Phone,2/13/2019,0.009200835,0,0,0,0,0,0,0,0,0,Observed
82352,690,CUSTOMER,Mobile Phone,2/14/2019,0.008378667,0,0,0,0,0,0,0,1,0,Observed
85510,851,CUSTOMER,Mobile Phone,2/15/2019,0.009952052,0,0,0,0,0,0,0,0,0,Observed
88728,947,CUSTOMER,Mobile Phone,2/16/2019,0.010673068,0,0,0,0,0,0,0,0,0,Observed
80231,763,CUSTOMER,Mobile Phone,2/17/2019,0.00951004,0,0,0,0,0,0,0,0,0,Observed
80245,815,CUSTOMER,Mobile Phone,2/18/2019,0.010156396,0,0,0,0,0,0,0,0,0,Observed
89765,730,CUSTOMER,Mobile Phone,2/19/2019,0.008132346,0,1,0,0,1,0,0,0,0,Observed
107535,1250,CUSTOMER,Mobile Phone,2/20/2019,0.011624122,1,0,0,1,0,0,0,1,0,Observed
114936,1243,CUSTOMER,Mobile Phone,2/21/2019,0.010814714,0,0,0,0,0,0,0,0,0,Observed
13225,118,CUSTOMER,Mobile Phone,2/22/2019,0.008922495,1,1,1,1,1,1,0,1,0,Observed
101177,1232,CUSTOMER,Mobile Phone,2/23/2019,0.01217668,1,0,0,1,0,0,0,0,0,Observed
90549,1096,CUSTOMER,Mobile Phone,2/24/2019,0.012103944,0,0,0,0,0,0,0,0,0,Observed
78615,864,CUSTOMER,Mobile Phone,2/25/2019,0.010990269,0,0,0,1,0,0,0,0,0,Observed
98984,925,CUSTOMER,Mobile Phone,2/26/2019,0.009344945,1,0,0,0,0,0,0,0,0,Observed
97140,1207,CUSTOMER,Mobile Phone,2/27/2019,0.012425365,0,0,0,1,1,0,0,1,0,Observed
83127,899,CUSTOMER,Mobile Phone,2/28/2019,0.010814777,0,1,0,1,0,0,0,0,0,Observed
100142,1138,CUSTOMER,Mobile Phone,3/1/2019,0.011363863,1,0,0,1,0,0,0,0,0,Observed
96279,1251,CUSTOMER,Mobile Phone,3/2/2019,0.012993488,0,0,0,0,0,0,0,0,0,Observed
86839,1196,CUSTOMER,Mobile Phone,3/3/2019,0.013772614,0,0,0,0,0,0,0,1,0,Observed
83807,999,CUSTOMER,Mobile Phone,3/4/2019,0.011920245,0,0,0,0,0,0,0,0,0,Observed
80715,931,CUSTOMER,Mobile Phone,3/5/2019,0.011534411,0,0,0,0,0,0,0,0,0,Observed
81075,933,CUSTOMER,Mobile Phone,3/6/2019,0.011507863,0,0,0,0,0,0,0,0,0,Observed
52630,458,CUSTOMER,Mobile Phone,3/7/2019,0.008702261,1,1,0,1,1,0,0,1,0,Observed
84348,902,CUSTOMER,Mobile Phone,3/9/2019,0.010693792,0,0,0,0,0,0,0,0,0,Observed
80212,880,CUSTOMER,Mobile Phone,3/10/2019,0.010970927,0,0,0,0,0,0,0,0,0,Observed
78720,809,CUSTOMER,Mobile Phone,3/11/2019,0.010276931,0,0,0,0,0,0,0,0,0,Observed
77045,767,CUSTOMER,Mobile Phone,3/12/2019,0.009955221,0,0,0,0,0,0,0,0,0,Observed
99062,1013,CUSTOMER,Mobile Phone,3/13/2019,0.010225919,1,0,0,0,0,0,0,0,0,Observed
100942,930,CUSTOMER,Mobile Phone,3/14/2019,0.009213212,1,1,0,0,0,0,0,0,0,Observed
79729,876,CUSTOMER,Mobile Phone,3/15/2019,0.010987219,0,0,0,0,0,0,0,0,0,Observed
79729,936,CUSTOMER,Mobile Phone,3/16/2019,0.011739768,0,0,0,0,0,0,0,0,0,Observed
73535,889,CUSTOMER,Mobile Phone,3/17/2019,0.012089481,1,0,0,0,0,0,0,0,0,Observed
73321,745,CUSTOMER,Mobile Phone,3/18/2019,0.0101608,0,0,0,0,0,0,0,0,0,Observed
84161,688,CUSTOMER,Mobile Phone,3/19/2019,0.008174808,1,0,0,0,0,0,0,0,0,Observed
108307,806,CUSTOMER,Mobile Phone,3/20/2019,0.007441809,1,0,0,0,0,0,0,0,0,Observed
56338,374,CUSTOMER,Mobile Phone,3/21/2019,0.006638503,1,1,1,1,1,0,0,1,0,Observed
104594,947,CUSTOMER,Mobile Phone,3/22/2019,0.009054057,1,0,0,0,0,0,0,0,0,Observed
99720,951,CUSTOMER,Mobile Phone,3/23/2019,0.009536703,0,0,0,0,0,0,0,0,0,Observed
92998,825,CUSTOMER,Mobile Phone,3/24/2019,0.008871159,1,0,0,0,1,0,0,0,0,Observed
93418,850,CUSTOMER,Mobile Phone,3/25/2019,0.009098889,0,0,0,0,0,0,0,0,0,Observed
94023,781,CUSTOMER,Mobile Phone,3/26/2019,0.008306478,1,0,0,0,0,0,0,0,0,Observed
3668,24,CUSTOMER,Mobile Phone,3/27/2019,0.006543075,1,1,1,1,1,1,0,0,0,Observed
32990,265,CUSTOMER,Mobile Phone,3/28/2019,0.008032737,1,1,1,1,1,1,0,0,0,Observed
108682,937,CUSTOMER,Mobile Phone,3/29/2019,0.008621483,1,0,0,1,0,0,0,0,0,Observed
108058,1050,CUSTOMER,Mobile Phone,3/30/2019,0.009717004,1,0,0,1,0,0,0,0,0,Observed
94933,980,CUSTOMER,Mobile Phone,3/31/2019,0.01032307,1,0,0,0,0,0,0,0,0,Observed
20600,109,PROSPECT,Mobile Phone,2/1/2019,0.005291262,0,0,0,0,0,0,0,0,0,Observed
20558,88,PROSPECT,Mobile Phone,2/2/2019,0.004280572,0,0,0,0,0,0,0,0,0,Observed
8892,31,PROSPECT,Mobile Phone,2/3/2019,0.00348628,1,1,0,1,1,0,0,0,0,Observed
11000,60,PROSPECT,Mobile Phone,2/4/2019,0.005454545,0,1,0,0,1,0,0,0,0,Observed
16361,78,PROSPECT,Mobile Phone,2/5/2019,0.004767435,0,0,0,0,0,0,0,0,0,Observed
19504,106,PROSPECT,Mobile Phone,2/6/2019,0.005434783,0,0,0,0,0,0,0,0,0,Observed
17452,85,PROSPECT,Mobile Phone,2/7/2019,0.004870502,0,0,0,0,0,0,0,0,0,Observed
16263,98,PROSPECT,Mobile Phone,2/8/2019,0.006025948,0,0,0,0,0,0,0,1,0,Observed
23234,91,PROSPECT,Mobile Phone,2/9/2019,0.003916674,0,0,0,0,0,0,0,0,0,Observed
24476,87,PROSPECT,Mobile Phone,2/10/2019,0.003554502,0,0,0,0,0,0,0,0,0,Observed
22494,97,PROSPECT,Mobile Phone,2/11/2019,0.004312261,0,0,0,0,0,0,0,0,0,Observed
21891,91,PROSPECT,Mobile Phone,2/12/2019,0.004156959,0,0,0,0,0,0,0,0,0,Observed
21427,110,PROSPECT,Mobile Phone,2/13/2019,0.00513371,0,0,0,0,0,0,0,0,0,Observed
20957,95,PROSPECT,Mobile Phone,2/14/2019,0.004533092,0,0,0,0,0,0,0,0,0,Observed
20868,97,PROSPECT,Mobile Phone,2/15/2019,0.004648265,0,0,0,0,0,0,0,0,0,Observed
23749,64,PROSPECT,Mobile Phone,2/16/2019,0.00269485,0,0,0,0,0,0,0,1,0,Observed
19692,76,PROSPECT,Mobile Phone,2/17/2019,0.003859435,0,0,0,0,0,0,0,0,0,Observed
17265,81,PROSPECT,Mobile Phone,2/18/2019,0.004691573,0,0,0,0,0,0,0,0,0,Observed
15405,75,PROSPECT,Mobile Phone,2/19/2019,0.004868549,0,1,0,0,0,0,0,0,0,Observed
25639,95,PROSPECT,Mobile Phone,2/20/2019,0.003705293,1,0,0,0,0,0,0,1,0,Observed
28860,133,PROSPECT,Mobile Phone,2/21/2019,0.004608455,0,1,0,0,1,0,0,0,0,Observed
3267,24,PROSPECT,Mobile Phone,2/22/2019,0.007346189,1,1,1,1,1,1,1,1,1,Observed
20276,84,PROSPECT,Mobile Phone,2/23/2019,0.004142829,0,0,0,0,0,0,0,0,0,Observed
18666,71,PROSPECT,Mobile Phone,2/24/2019,0.003803707,0,0,0,0,0,0,0,0,0,Observed
15417,46,PROSPECT,Mobile Phone,2/25/2019,0.002983719,0,0,0,0,1,1,0,1,1,Observed
23473,119,PROSPECT,Mobile Phone,2/26/2019,0.005069654,0,1,0,1,0,0,0,0,0,Observed
20778,147,PROSPECT,Mobile Phone,2/27/2019,0.007074791,0,0,0,0,0,0,1,0,0,Observed
22261,137,PROSPECT,Mobile Phone,2/28/2019,0.006154261,0,0,0,0,0,0,0,0,0,Observed
23633,166,PROSPECT,Mobile Phone,3/1/2019,0.007024077,0,0,0,1,1,0,0,1,0,Observed
24743,118,PROSPECT,Mobile Phone,3/2/2019,0.004769026,0,0,0,0,0,0,0,0,0,Observed
23754,107,PROSPECT,Mobile Phone,3/3/2019,0.004504505,0,0,0,0,0,0,0,0,0,Observed
23459,120,PROSPECT,Mobile Phone,3/4/2019,0.005115308,0,0,0,0,0,0,0,0,0,Observed
20451,99,PROSPECT,Mobile Phone,3/5/2019,0.004840839,0,0,0,0,0,0,0,0,0,Observed
21817,124,PROSPECT,Mobile Phone,3/6/2019,0.005683641,0,0,0,0,0,0,0,0,0,Observed
11771,78,PROSPECT,Mobile Phone,3/7/2019,0.006626455,1,1,0,0,1,0,0,1,0,Observed
17262,80,PROSPECT,Mobile Phone,3/9/2019,0.004634457,0,0,0,0,0,0,0,0,0,Observed
21713,82,PROSPECT,Mobile Phone,3/10/2019,0.003776539,0,0,0,0,0,0,0,0,0,Observed
21013,102,PROSPECT,Mobile Phone,3/11/2019,0.004854138,0,0,0,0,0,0,0,1,0,Observed
21400,90,PROSPECT,Mobile Phone,3/12/2019,0.004205607,0,0,0,0,0,0,0,0,0,Observed
21951,77,PROSPECT,Mobile Phone,3/13/2019,0.003507813,0,0,0,0,0,0,0,0,0,Observed
19984,108,PROSPECT,Mobile Phone,3/14/2019,0.005404323,0,0,0,0,0,0,0,0,0,Observed
16411,96,PROSPECT,Mobile Phone,3/15/2019,0.005849735,0,0,0,0,0,0,0,1,0,Observed
21711,91,PROSPECT,Mobile Phone,3/16/2019,0.004191424,0,0,0,0,0,0,0,0,0,Observed
20998,76,PROSPECT,Mobile Phone,3/17/2019,0.003619392,0,0,0,0,0,0,0,0,0,Observed
20810,80,PROSPECT,Mobile Phone,3/18/2019,0.003844306,0,0,0,0,0,0,0,0,0,Observed
20201,88,PROSPECT,Mobile Phone,3/19/2019,0.00435622,0,0,0,0,0,0,0,0,0,Observed
20153,84,PROSPECT,Mobile Phone,3/20/2019,0.004168114,0,0,0,0,0,0,0,0,0,Observed
12103,58,PROSPECT,Mobile Phone,3/21/2019,0.0047922,1,1,0,0,1,0,0,0,0,Observed
22989,109,PROSPECT,Mobile Phone,3/22/2019,0.004741398,1,0,0,0,0,0,0,0,0,Observed
27964,102,PROSPECT,Mobile Phone,3/23/2019,0.003647547,0,0,0,0,0,0,0,0,0,Observed
28092,112,PROSPECT,Mobile Phone,3/24/2019,0.0039869,0,0,0,0,0,0,0,0,0,Observed
28191,130,PROSPECT,Mobile Phone,3/25/2019,0.004611401,0,0,0,0,1,0,0,1,0,Observed
26284,107,PROSPECT,Mobile Phone,3/26/2019,0.004070918,0,0,0,0,0,0,0,0,0,Observed
1382,3,PROSPECT,Mobile Phone,3/27/2019,0.002170767,1,1,1,1,1,1,1,1,0,Observed
6813,31,PROSPECT,Mobile Phone,3/28/2019,0.004550125,1,1,1,0,1,1,0,0,0,Observed
21094,103,PROSPECT,Mobile Phone,3/29/2019,0.004882905,0,0,0,1,0,0,0,0,0,Observed
29662,111,PROSPECT,Mobile Phone,3/30/2019,0.003742162,1,1,0,0,0,0,0,0,0,Observed
24417,80,PROSPECT,Mobile Phone,3/31/2019,0.003276406,0,0,0,0,0,0,0,0,0,Observed
171096,346,UNDETERMINED,Mobile Phone,2/1/2019,0.002022257,0,0,0,0,0,0,0,0,0,Observed
186678,268,UNDETERMINED,Mobile Phone,2/2/2019,0.001435627,0,0,0,0,0,0,1,0,0,Observed
189335,597,UNDETERMINED,Mobile Phone,2/3/2019,0.003153141,0,0,0,0,1,1,1,1,1,Observed
213592,623,UNDETERMINED,Mobile Phone,2/4/2019,0.002916776,1,1,0,0,1,1,1,1,1,Observed
176346,272,UNDETERMINED,Mobile Phone,2/5/2019,0.001542422,1,0,0,1,0,0,0,0,0,Observed
171252,279,UNDETERMINED,Mobile Phone,2/6/2019,0.001629178,0,0,0,0,0,0,0,0,0,Observed
199045,314,UNDETERMINED,Mobile Phone,2/7/2019,0.001577533,1,0,0,0,0,0,0,0,0,Observed
214753,360,UNDETERMINED,Mobile Phone,2/8/2019,0.001676344,0,0,0,0,0,0,0,0,0,Observed
208904,287,UNDETERMINED,Mobile Phone,2/9/2019,0.001373837,0,0,0,0,0,0,1,0,0,Observed
207942,249,UNDETERMINED,Mobile Phone,2/10/2019,0.001197449,0,0,0,1,0,0,0,0,0,Observed
208457,250,UNDETERMINED,Mobile Phone,2/11/2019,0.001199288,0,0,0,0,0,0,0,0,0,Observed
183123,251,UNDETERMINED,Mobile Phone,2/12/2019,0.001370663,0,0,0,0,0,0,0,0,0,Observed
181897,280,UNDETERMINED,Mobile Phone,2/13/2019,0.001539333,0,0,0,0,0,0,0,0,0,Observed
174687,262,UNDETERMINED,Mobile Phone,2/14/2019,0.001499825,0,0,0,1,0,0,1,0,0,Observed
185715,294,UNDETERMINED,Mobile Phone,2/15/2019,0.001583071,0,0,0,0,0,0,0,0,0,Observed
196988,257,UNDETERMINED,Mobile Phone,2/16/2019,0.001304648,0,0,0,0,0,0,0,0,0,Observed
199485,247,UNDETERMINED,Mobile Phone,2/17/2019,0.001238188,0,0,0,0,0,0,0,0,0,Observed
204151,338,UNDETERMINED,Mobile Phone,2/18/2019,0.001655637,0,0,0,1,0,0,1,0,0,Observed
181657,330,UNDETERMINED,Mobile Phone,2/19/2019,0.00181661,0,0,0,0,1,0,0,0,0,Observed
218535,605,UNDETERMINED,Mobile Phone,2/20/2019,0.002768435,1,0,0,1,0,1,1,0,0,Observed
230827,403,UNDETERMINED,Mobile Phone,2/21/2019,0.001745896,0,0,0,1,1,0,1,1,0,Observed
350355,3463,UNDETERMINED,Mobile Phone,2/22/2019,0.00988426,1,1,1,1,1,1,1,1,1,Observed
234022,354,UNDETERMINED,Mobile Phone,2/23/2019,0.001512678,0,0,0,0,0,0,0,0,0,Observed
243693,435,UNDETERMINED,Mobile Phone,2/24/2019,0.001785033,0,0,0,0,0,0,0,0,0,Observed
212441,355,UNDETERMINED,Mobile Phone,2/25/2019,0.001671052,0,0,0,0,0,0,0,0,0,Observed
188153,398,UNDETERMINED,Mobile Phone,2/26/2019,0.0021153,0,0,0,0,0,0,0,0,0,Observed
206058,552,UNDETERMINED,Mobile Phone,2/27/2019,0.002678857,0,0,0,0,1,0,1,0,0,Observed
172959,431,UNDETERMINED,Mobile Phone,2/28/2019,0.00249192,1,0,0,0,0,0,0,0,0,Observed
178163,364,UNDETERMINED,Mobile Phone,3/1/2019,0.002043073,0,0,0,0,0,0,0,0,0,Observed
179557,330,UNDETERMINED,Mobile Phone,3/2/2019,0.001837857,0,0,0,0,0,0,0,0,0,Observed
169495,340,UNDETERMINED,Mobile Phone,3/3/2019,0.002005959,0,0,0,0,0,0,1,0,0,Observed
165571,323,UNDETERMINED,Mobile Phone,3/4/2019,0.001950825,0,0,0,0,0,0,0,0,0,Observed
160405,309,UNDETERMINED,Mobile Phone,3/5/2019,0.001926374,0,0,0,0,0,0,0,0,0,Observed
156066,316,UNDETERMINED,Mobile Phone,3/6/2019,0.002024784,0,0,0,0,0,0,0,0,0,Observed
166757,513,UNDETERMINED,Mobile Phone,3/7/2019,0.003076333,0,0,0,1,1,0,1,1,0,Observed
285902,1411,UNDETERMINED,Mobile Phone,3/8/2019,0.004935258,1,1,1,1,1,1,1,1,1,Observed
172370,300,UNDETERMINED,Mobile Phone,3/9/2019,0.001740442,1,0,0,1,0,0,0,0,0,Observed
159871,245,UNDETERMINED,Mobile Phone,3/10/2019,0.001532486,0,0,0,1,0,0,0,0,0,Observed
162171,290,UNDETERMINED,Mobile Phone,3/11/2019,0.001788236,0,0,0,0,0,0,0,0,0,Observed
172380,304,UNDETERMINED,Mobile Phone,3/12/2019,0.001763546,0,0,0,0,0,0,0,0,0,Observed
175752,238,UNDETERMINED,Mobile Phone,3/13/2019,0.001354181,0,0,0,0,0,0,0,1,0,Observed
205591,335,UNDETERMINED,Mobile Phone,3/14/2019,0.001629449,0,1,0,0,0,0,0,0,0,Observed
165910,340,UNDETERMINED,Mobile Phone,3/15/2019,0.002049304,1,0,0,0,0,0,0,0,0,Observed
169425,255,UNDETERMINED,Mobile Phone,3/16/2019,0.001505091,0,0,0,0,0,0,0,0,0,Observed
177973,282,UNDETERMINED,Mobile Phone,3/17/2019,0.00158451,1,0,0,0,0,0,0,0,0,Observed
145262,283,UNDETERMINED,Mobile Phone,3/18/2019,0.001948204,1,0,0,0,0,0,1,0,0,Observed
137946,342,UNDETERMINED,Mobile Phone,3/19/2019,0.002479231,1,1,0,0,0,0,0,1,0,Observed
196609,424,UNDETERMINED,Mobile Phone,3/20/2019,0.002156565,0,0,0,0,0,0,0,0,0,Observed
278565,801,UNDETERMINED,Mobile Phone,3/21/2019,0.002875451,1,1,0,1,1,1,0,1,0,Observed
231106,435,UNDETERMINED,Mobile Phone,3/22/2019,0.001882253,1,0,0,0,0,0,0,0,0,Observed
228567,344,UNDETERMINED,Mobile Phone,3/23/2019,0.001505029,0,0,0,0,0,0,1,0,0,Observed
223721,317,UNDETERMINED,Mobile Phone,3/24/2019,0.001416943,0,0,0,0,0,0,0,0,0,Observed
211886,363,UNDETERMINED,Mobile Phone,3/25/2019,0.001713185,0,0,0,1,0,0,0,0,0,Observed
224407,457,UNDETERMINED,Mobile Phone,3/26/2019,0.002036478,1,0,0,0,0,0,1,0,0,Observed
354743,1506,UNDETERMINED,Mobile Phone,3/27/2019,0.004245327,1,1,1,1,1,1,1,1,1,Observed
340539,1240,UNDETERMINED,Mobile Phone,3/28/2019,0.003641286,1,1,1,1,1,1,1,1,1,Observed
264810,460,UNDETERMINED,Mobile Phone,3/29/2019,0.001737095,1,0,0,0,0,0,1,0,0,Observed
253532,411,UNDETERMINED,Mobile Phone,3/30/2019,0.001621097,0,0,0,0,0,0,1,0,0,Observed
242940,420,UNDETERMINED,Mobile Phone,3/31/2019,0.001728822,1,0,0,0,0,0,0,0,0,Observed
154086,3389,CUSTOMER,Desktop,2/1/2019,0.021994211,0,0,0,0,0,0,0,0,0,Observed
113781,2946,CUSTOMER,Desktop,2/2/2019,0.025891845,0,0,0,0,0,0,0,0,0,Observed
41618,916,CUSTOMER,Desktop,2/3/2019,0.022009707,0,1,0,1,1,0,0,0,0,Observed
110329,2413,CUSTOMER,Desktop,2/4/2019,0.02187095,0,1,0,0,1,0,0,0,0,Observed
152234,3558,CUSTOMER,Desktop,2/5/2019,0.023371914,0,0,0,0,0,0,0,0,0,Observed
150209,3329,CUSTOMER,Desktop,2/6/2019,0.022162454,0,0,0,0,0,0,0,0,0,Observed
157491,3927,CUSTOMER,Desktop,2/7/2019,0.024934758,0,0,0,0,0,0,0,0,0,Observed
153558,3734,CUSTOMER,Desktop,2/8/2019,0.024316545,0,0,0,0,0,0,0,0,0,Observed
118793,3296,CUSTOMER,Desktop,2/9/2019,0.027745743,0,0,0,0,0,0,0,0,0,Observed
113659,2910,CUSTOMER,Desktop,2/10/2019,0.0256029,0,0,0,0,0,0,0,0,0,Observed
146228,3982,CUSTOMER,Desktop,2/11/2019,0.027231447,0,0,0,0,0,0,0,0,0,Observed
144775,3911,CUSTOMER,Desktop,2/12/2019,0.027014333,0,0,0,0,0,0,0,0,0,Observed
152603,3475,CUSTOMER,Desktop,2/13/2019,0.022771505,0,0,0,0,0,0,0,0,0,Observed
144290,3114,CUSTOMER,Desktop,2/14/2019,0.021581537,0,0,0,0,0,0,0,0,0,Observed
153677,3289,CUSTOMER,Desktop,2/15/2019,0.021402032,0,0,0,0,0,0,0,0,0,Observed
116293,2727,CUSTOMER,Desktop,2/16/2019,0.023449391,0,0,0,0,0,0,0,0,0,Observed
104522,2616,CUSTOMER,Desktop,2/17/2019,0.025028224,0,0,0,0,0,0,0,0,0,Observed
146963,3666,CUSTOMER,Desktop,2/18/2019,0.024945054,1,0,0,0,0,0,0,0,0,Observed
150879,3385,CUSTOMER,Desktop,2/19/2019,0.022435196,0,0,0,0,0,0,0,0,0,Observed
177510,4292,CUSTOMER,Desktop,2/20/2019,0.024178919,0,0,0,1,0,0,0,0,0,Observed
196099,5207,CUSTOMER,Desktop,2/21/2019,0.026552915,0,0,0,0,1,0,0,0,0,Observed
18078,370,CUSTOMER,Desktop,2/22/2019,0.020466866,1,1,0,1,1,1,1,1,0,Observed
123318,3552,CUSTOMER,Desktop,2/23/2019,0.028803581,0,0,0,0,0,0,0,0,0,Observed
114164,3442,CUSTOMER,Desktop,2/24/2019,0.030149609,0,0,0,0,0,0,0,0,0,Observed
158064,4095,CUSTOMER,Desktop,2/25/2019,0.025907227,0,0,0,0,0,0,0,0,0,Observed
161411,3799,CUSTOMER,Desktop,2/26/2019,0.02353619,0,0,0,0,0,0,0,0,0,Observed
160627,4469,CUSTOMER,Desktop,2/27/2019,0.027822222,0,0,0,0,0,0,0,0,0,Observed
152206,4046,CUSTOMER,Desktop,2/28/2019,0.026582395,0,0,0,0,0,0,0,0,0,Observed
173188,4778,CUSTOMER,Desktop,3/1/2019,0.027588517,0,1,0,0,1,0,0,0,0,Observed
131073,3815,CUSTOMER,Desktop,3/2/2019,0.029105918,0,0,0,0,0,0,0,0,0,Observed
123865,3897,CUSTOMER,Desktop,3/3/2019,0.031461672,0,0,0,0,0,0,0,0,0,Observed
171400,4853,CUSTOMER,Desktop,3/4/2019,0.028313886,0,0,0,0,0,0,0,0,0,Observed
162106,4505,CUSTOMER,Desktop,3/5/2019,0.027790458,0,0,0,0,0,0,0,0,0,Observed
160509,4624,CUSTOMER,Desktop,3/6/2019,0.028808353,0,0,0,0,0,0,0,0,0,Observed
102523,2480,CUSTOMER,Desktop,3/7/2019,0.024189694,0,1,0,0,1,0,0,0,0,Observed
120220,3473,CUSTOMER,Desktop,3/9/2019,0.028888704,0,0,0,0,0,0,0,0,0,Observed
112555,3033,CUSTOMER,Desktop,3/10/2019,0.026946826,0,0,0,0,0,0,0,0,0,Observed
163301,3991,CUSTOMER,Desktop,3/11/2019,0.024439532,1,1,0,0,1,0,0,0,0,Observed
161097,3820,CUSTOMER,Desktop,3/12/2019,0.023712422,0,0,0,0,0,0,0,0,0,Observed
171423,4154,CUSTOMER,Desktop,3/13/2019,0.024232454,0,0,0,0,0,0,0,0,0,Observed
183308,4342,CUSTOMER,Desktop,3/14/2019,0.023686909,0,0,0,0,0,0,0,0,0,Observed
164170,4061,CUSTOMER,Desktop,3/15/2019,0.024736554,0,0,0,0,0,0,0,0,0,Observed
118499,3364,CUSTOMER,Desktop,3/16/2019,0.028388425,1,0,0,0,0,0,0,0,0,Observed
108924,3213,CUSTOMER,Desktop,3/17/2019,0.029497631,0,0,0,0,0,0,0,0,0,Observed
162348,3946,CUSTOMER,Desktop,3/18/2019,0.024305812,1,1,0,0,0,0,0,0,0,Observed
160420,4151,CUSTOMER,Desktop,3/19/2019,0.025875826,0,0,0,0,0,0,0,0,0,Observed
141595,3892,CUSTOMER,Desktop,3/20/2019,0.027486846,0,0,0,0,0,0,0,0,0,Observed
83629,1897,CUSTOMER,Desktop,3/21/2019,0.022683519,0,1,0,1,1,0,0,0,0,Observed
141618,3812,CUSTOMER,Desktop,3/22/2019,0.026917482,1,0,0,0,0,0,0,0,0,Observed
94438,3081,CUSTOMER,Desktop,3/23/2019,0.032624579,1,0,0,0,0,0,0,0,0,Observed
86970,2756,CUSTOMER,Desktop,3/24/2019,0.031689088,0,0,0,0,0,0,0,0,0,Observed
140771,4077,CUSTOMER,Desktop,3/25/2019,0.028961931,1,1,0,0,1,0,0,0,0,Observed
134847,3666,CUSTOMER,Desktop,3/26/2019,0.027186367,0,0,0,0,0,0,0,0,0,Observed
2103,31,CUSTOMER,Desktop,3/27/2019,0.014740846,1,1,0,1,1,1,1,1,1,Observed
44397,964,CUSTOMER,Desktop,3/28/2019,0.021713179,0,1,0,0,1,0,0,0,0,Observed
140633,3591,CUSTOMER,Desktop,3/29/2019,0.025534547,1,0,0,0,0,0,0,0,0,Observed
92489,2879,CUSTOMER,Desktop,3/30/2019,0.031128026,1,0,0,0,0,0,0,0,0,Observed
96786,2983,CUSTOMER,Desktop,3/31/2019,0.030820573,1,0,0,0,0,0,0,0,0,Observed
21987,98,PROSPECT,Desktop,2/1/2019,0.004457179,0,0,0,0,0,0,0,0,0,Observed
17583,75,PROSPECT,Desktop,2/2/2019,0.004265484,0,0,0,0,0,0,0,0,0,Observed
6593,26,PROSPECT,Desktop,2/3/2019,0.003943577,1,1,0,1,1,0,0,0,0,Observed
14170,70,PROSPECT,Desktop,2/4/2019,0.004940014,0,1,0,0,0,0,0,0,0,Observed
18790,82,PROSPECT,Desktop,2/5/2019,0.004364023,0,0,0,0,0,0,0,0,0,Observed
21437,98,PROSPECT,Desktop,2/6/2019,0.004571535,0,0,0,0,0,0,0,0,0,Observed
19949,95,PROSPECT,Desktop,2/7/2019,0.004762143,0,0,0,0,0,0,0,0,0,Observed
19641,72,PROSPECT,Desktop,2/8/2019,0.003665801,0,0,0,0,0,0,0,0,0,Observed
19224,82,PROSPECT,Desktop,2/9/2019,0.004265501,0,0,0,0,0,0,1,0,0,Observed
18867,86,PROSPECT,Desktop,2/10/2019,0.004558223,0,0,0,0,0,0,0,0,0,Observed
23133,102,PROSPECT,Desktop,2/11/2019,0.004409285,0,0,0,0,0,0,0,0,0,Observed
22499,96,PROSPECT,Desktop,2/12/2019,0.004266856,0,0,0,0,0,0,1,0,0,Observed
22727,95,PROSPECT,Desktop,2/13/2019,0.00418005,0,0,0,0,0,0,0,0,0,Observed
22154,90,PROSPECT,Desktop,2/14/2019,0.004062472,0,0,0,0,0,0,0,0,0,Observed
22247,113,PROSPECT,Desktop,2/15/2019,0.005079337,0,0,0,0,0,0,1,0,0,Observed
19629,103,PROSPECT,Desktop,2/16/2019,0.005247338,0,0,0,0,0,0,1,0,0,Observed
16230,74,PROSPECT,Desktop,2/17/2019,0.004559458,0,0,0,0,0,0,0,0,0,Observed
19964,74,PROSPECT,Desktop,2/18/2019,0.003706672,0,0,0,0,0,0,0,0,0,Observed
18469,66,PROSPECT,Desktop,2/19/2019,0.003573556,0,1,0,0,0,0,1,0,0,Observed
26020,118,PROSPECT,Desktop,2/20/2019,0.004534973,0,0,0,0,0,0,0,0,0,Observed
28100,117,PROSPECT,Desktop,2/21/2019,0.004163701,0,1,0,0,0,0,1,0,0,Observed
3013,26,PROSPECT,Desktop,2/22/2019,0.008629273,1,1,1,1,1,0,1,1,1,Observed
16210,79,PROSPECT,Desktop,2/23/2019,0.004873535,0,0,0,0,0,0,0,0,0,Observed
14612,51,PROSPECT,Desktop,2/24/2019,0.003490282,0,0,0,0,0,0,0,0,0,Observed
18804,68,PROSPECT,Desktop,2/25/2019,0.003616252,0,0,0,0,0,0,0,0,0,Observed
22334,104,PROSPECT,Desktop,2/26/2019,0.004656577,0,0,0,0,0,0,0,0,0,Observed
19058,139,PROSPECT,Desktop,2/27/2019,0.007293525,0,0,0,1,0,0,1,0,0,Observed
17938,122,PROSPECT,Desktop,2/28/2019,0.006801204,0,0,0,0,0,0,0,0,0,Observed
21022,137,PROSPECT,Desktop,3/1/2019,0.006516982,0,0,0,0,0,0,1,0,0,Observed
16990,109,PROSPECT,Desktop,3/2/2019,0.006415539,0,0,0,0,0,0,0,0,0,Observed
16631,95,PROSPECT,Desktop,3/3/2019,0.005712224,0,0,0,0,0,0,0,0,0,Observed
22435,131,PROSPECT,Desktop,3/4/2019,0.005839091,0,0,0,0,0,0,0,0,0,Observed
21460,125,PROSPECT,Desktop,3/5/2019,0.00582479,0,0,0,0,0,0,0,0,0,Observed
21619,136,PROSPECT,Desktop,3/6/2019,0.006290763,0,0,0,1,0,0,0,0,0,Observed
13215,81,PROSPECT,Desktop,3/7/2019,0.006129398,1,0,0,0,0,0,0,0,0,Observed
11646,53,PROSPECT,Desktop,3/9/2019,0.004550919,0,0,0,0,0,0,0,0,0,Observed
13107,72,PROSPECT,Desktop,3/10/2019,0.005493248,0,0,0,0,0,0,0,0,0,Observed
19228,123,PROSPECT,Desktop,3/11/2019,0.006396921,0,1,0,0,1,0,0,0,0,Observed
20966,103,PROSPECT,Desktop,3/12/2019,0.004912716,0,0,0,0,0,0,0,0,0,Observed
21701,98,PROSPECT,Desktop,3/13/2019,0.004515921,0,0,0,0,0,0,0,0,0,Observed
20668,106,PROSPECT,Desktop,3/14/2019,0.005128701,0,0,0,0,0,0,0,0,0,Observed
17123,103,PROSPECT,Desktop,3/15/2019,0.006015301,0,0,0,0,0,0,0,0,0,Observed
15337,95,PROSPECT,Desktop,3/16/2019,0.006194171,0,0,0,0,0,0,0,0,0,Observed
14915,72,PROSPECT,Desktop,3/17/2019,0.004827355,0,0,0,0,0,0,0,0,0,Observed
21709,96,PROSPECT,Desktop,3/18/2019,0.004422129,0,1,0,0,0,0,0,0,0,Observed
19697,110,PROSPECT,Desktop,3/19/2019,0.005584607,0,0,0,0,0,0,0,0,0,Observed
15881,96,PROSPECT,Desktop,3/20/2019,0.006044959,0,0,0,0,0,0,0,0,0,Observed
10019,49,PROSPECT,Desktop,3/21/2019,0.004890708,0,1,0,1,1,0,0,0,0,Observed
16244,98,PROSPECT,Desktop,3/22/2019,0.006032997,0,0,0,0,0,0,0,0,0,Observed
12046,62,PROSPECT,Desktop,3/23/2019,0.005146937,0,0,0,0,0,0,0,0,0,Observed
11502,64,PROSPECT,Desktop,3/24/2019,0.00556425,0,0,0,0,0,0,0,0,0,Observed
17570,129,PROSPECT,Desktop,3/25/2019,0.00734206,0,1,0,0,1,0,0,0,0,Observed
16977,122,PROSPECT,Desktop,3/26/2019,0.007186193,0,0,0,0,0,0,0,0,0,Observed
584,0,PROSPECT,Desktop,3/27/2019,0,1,1,1,1,1,0,1,1,1,Observed
5172,25,PROSPECT,Desktop,3/28/2019,0.00483372,0,1,0,0,1,0,0,0,0,Observed
13312,69,PROSPECT,Desktop,3/29/2019,0.005183293,0,0,0,0,0,0,0,0,0,Observed
10996,86,PROSPECT,Desktop,3/30/2019,0.007821026,0,0,0,0,0,0,0,0,0,Observed
10148,70,PROSPECT,Desktop,3/31/2019,0.006897911,0,0,0,0,0,0,0,0,0,Observed
158023,586,UNDETERMINED,Desktop,2/1/2019,0.003708321,0,0,0,1,0,0,0,0,0,Observed
135686,377,UNDETERMINED,Desktop,2/2/2019,0.002778474,0,0,0,1,0,0,0,0,0,Observed
143947,1216,UNDETERMINED,Desktop,2/3/2019,0.008447554,0,0,0,0,1,1,1,1,1,Observed
211332,1621,UNDETERMINED,Desktop,2/4/2019,0.007670395,0,1,0,1,1,1,0,1,1,Observed
160267,556,UNDETERMINED,Desktop,2/5/2019,0.003469211,0,0,0,0,0,0,1,0,0,Observed
155046,535,UNDETERMINED,Desktop,2/6/2019,0.003450589,0,0,0,0,0,0,0,0,0,Observed
167437,534,UNDETERMINED,Desktop,2/7/2019,0.003189259,0,0,0,0,0,0,0,0,0,Observed
179007,571,UNDETERMINED,Desktop,2/8/2019,0.003189819,0,1,0,0,0,0,0,0,0,Observed
144951,388,UNDETERMINED,Desktop,2/9/2019,0.002676767,0,0,0,1,0,0,1,0,0,Observed
140591,353,UNDETERMINED,Desktop,2/10/2019,0.002510829,0,0,0,0,0,0,0,0,0,Observed
176326,528,UNDETERMINED,Desktop,2/11/2019,0.002994453,0,0,0,0,0,0,0,0,0,Observed
160759,564,UNDETERMINED,Desktop,2/12/2019,0.003508357,0,0,0,0,0,0,0,0,0,Observed
168143,649,UNDETERMINED,Desktop,2/13/2019,0.00385981,0,0,0,0,0,0,0,0,0,Observed
157083,576,UNDETERMINED,Desktop,2/14/2019,0.003666851,0,0,0,0,0,0,0,0,0,Observed
159781,554,UNDETERMINED,Desktop,2/15/2019,0.003467246,0,0,0,0,0,0,0,0,0,Observed
143518,612,UNDETERMINED,Desktop,2/16/2019,0.004264273,0,0,0,0,0,0,0,0,0,Observed
140452,545,UNDETERMINED,Desktop,2/17/2019,0.003880329,0,0,0,1,0,0,0,0,0,Observed
176174,797,UNDETERMINED,Desktop,2/18/2019,0.004523937,0,0,0,1,0,0,0,0,0,Observed
169224,882,UNDETERMINED,Desktop,2/19/2019,0.005212027,0,0,0,0,0,0,1,0,0,Observed
196671,1235,UNDETERMINED,Desktop,2/20/2019,0.006279523,1,0,0,1,0,0,1,0,0,Observed
193744,788,UNDETERMINED,Desktop,2/21/2019,0.004067223,1,0,0,1,1,0,0,1,0,Observed
362604,8435,UNDETERMINED,Desktop,2/22/2019,0.023262292,1,1,1,1,1,1,1,1,1,Observed
148827,593,UNDETERMINED,Desktop,2/23/2019,0.003984492,0,0,0,1,0,0,0,0,0,Observed
152059,687,UNDETERMINED,Desktop,2/24/2019,0.004517983,0,0,0,0,0,0,1,0,0,Observed
182449,837,UNDETERMINED,Desktop,2/25/2019,0.004587583,0,0,0,0,0,0,0,0,0,Observed
163959,729,UNDETERMINED,Desktop,2/26/2019,0.004446234,0,0,0,0,0,0,0,0,0,Observed
171731,975,UNDETERMINED,Desktop,2/27/2019,0.005677484,0,0,0,0,0,0,1,0,0,Observed
159513,906,UNDETERMINED,Desktop,2/28/2019,0.005679788,0,0,0,0,0,0,1,0,0,Observed
148401,743,UNDETERMINED,Desktop,3/1/2019,0.005006705,0,0,0,0,0,0,0,0,0,Observed
128910,613,UNDETERMINED,Desktop,3/2/2019,0.004755256,0,0,0,0,0,0,0,0,0,Observed
124930,588,UNDETERMINED,Desktop,3/3/2019,0.004706636,0,0,0,0,0,0,0,0,0,Observed
163578,743,UNDETERMINED,Desktop,3/4/2019,0.004542176,0,0,0,0,0,0,0,0,0,Observed
160582,665,UNDETERMINED,Desktop,3/5/2019,0.004141186,0,0,0,0,0,0,0,0,0,Observed
154545,757,UNDETERMINED,Desktop,3/6/2019,0.00489825,0,0,0,0,0,0,0,0,0,Observed
159627,1610,UNDETERMINED,Desktop,3/7/2019,0.010086013,0,0,0,1,1,1,1,1,1,Observed
351146,5187,UNDETERMINED,Desktop,3/8/2019,0.014771633,1,1,1,1,1,1,1,1,1,Observed
116158,586,UNDETERMINED,Desktop,3/9/2019,0.005044853,1,0,0,1,0,0,0,0,0,Observed
111532,544,UNDETERMINED,Desktop,3/10/2019,0.004877524,0,0,0,0,0,0,0,0,0,Observed
151662,705,UNDETERMINED,Desktop,3/11/2019,0.004648495,0,0,0,0,0,0,0,0,0,Observed
170359,651,UNDETERMINED,Desktop,3/12/2019,0.003821342,1,1,0,0,0,0,0,0,0,Observed
167040,624,UNDETERMINED,Desktop,3/13/2019,0.003735632,0,0,0,0,0,0,0,0,0,Observed
172120,642,UNDETERMINED,Desktop,3/14/2019,0.003729956,0,0,0,0,0,0,0,0,0,Observed
162931,600,UNDETERMINED,Desktop,3/15/2019,0.00368254,0,0,0,0,0,0,0,0,0,Observed
135771,505,UNDETERMINED,Desktop,3/16/2019,0.003719498,1,0,0,0,0,0,0,0,0,Observed
136378,507,UNDETERMINED,Desktop,3/17/2019,0.003717608,0,0,0,0,0,0,0,0,0,Observed
160134,618,UNDETERMINED,Desktop,3/18/2019,0.003859268,0,0,0,0,0,0,0,0,0,Observed
155500,750,UNDETERMINED,Desktop,3/19/2019,0.004823151,0,0,0,0,1,0,1,0,0,Observed
124472,600,UNDETERMINED,Desktop,3/20/2019,0.004820361,0,1,0,1,0,0,1,0,0,Observed
185557,2219,UNDETERMINED,Desktop,3/21/2019,0.01195859,1,1,0,1,1,1,1,1,1,Observed
113672,472,UNDETERMINED,Desktop,3/22/2019,0.004152298,1,0,0,1,0,0,1,0,0,Observed
83569,282,UNDETERMINED,Desktop,3/23/2019,0.003374457,1,0,0,1,0,0,1,0,0,Observed
79655,316,UNDETERMINED,Desktop,3/24/2019,0.003967108,1,0,0,1,0,0,1,0,0,Observed
116726,613,UNDETERMINED,Desktop,3/25/2019,0.005251615,1,0,0,1,0,0,1,0,0,Observed
121250,716,UNDETERMINED,Desktop,3/26/2019,0.005905155,0,0,0,1,0,0,1,0,0,Observed
263239,4361,UNDETERMINED,Desktop,3/27/2019,0.016566694,1,1,1,1,1,1,1,1,1,Observed
225137,3203,UNDETERMINED,Desktop,3/28/2019,0.014226893,1,1,1,1,1,1,1,1,1,Observed
113833,527,UNDETERMINED,Desktop,3/29/2019,0.004629589,1,0,0,1,0,0,0,0,0,Observed
84151,378,UNDETERMINED,Desktop,3/30/2019,0.004491925,1,0,0,0,0,0,1,0,0,Observed
85958,407,UNDETERMINED,Desktop,3/31/2019,0.004734871,0,0,0,1,0,0,0,0,0,Observed
14111,321,CUSTOMER,Tablet,2/1/2019,0.022748211,0,0,0,0,0,0,0,0,0,Observed
15636,372,CUSTOMER,Tablet,2/2/2019,0.023791251,0,0,0,0,0,0,0,0,0,Observed
6216,131,CUSTOMER,Tablet,2/3/2019,0.021074646,1,1,1,1,1,1,0,0,0,Observed
7674,175,CUSTOMER,Tablet,2/4/2019,0.022804274,1,1,1,0,1,0,0,0,0,Observed
13388,307,CUSTOMER,Tablet,2/5/2019,0.022930983,0,0,0,0,0,0,0,0,0,Observed
13652,264,CUSTOMER,Tablet,2/6/2019,0.019337826,0,0,0,0,0,0,0,0,0,Observed
14759,309,CUSTOMER,Tablet,2/7/2019,0.020936378,0,0,0,0,0,0,0,0,0,Observed
14291,309,CUSTOMER,Tablet,2/8/2019,0.021622,0,0,0,0,1,0,0,1,0,Observed
16583,445,CUSTOMER,Tablet,2/9/2019,0.02683471,0,0,0,0,0,0,0,0,0,Observed
16178,405,CUSTOMER,Tablet,2/10/2019,0.025033997,0,0,0,0,0,0,0,0,0,Observed
13255,288,CUSTOMER,Tablet,2/11/2019,0.02172765,0,0,0,0,0,0,0,0,0,Observed
14246,272,CUSTOMER,Tablet,2/12/2019,0.019093079,0,0,0,0,0,0,0,0,0,Observed
13628,267,CUSTOMER,Tablet,2/13/2019,0.019592016,0,0,0,0,0,0,0,0,0,Observed
13313,259,CUSTOMER,Tablet,2/14/2019,0.019454668,0,0,0,0,0,0,0,0,0,Observed
14192,341,CUSTOMER,Tablet,2/15/2019,0.024027621,0,0,0,0,0,0,0,0,0,Observed
15588,374,CUSTOMER,Tablet,2/16/2019,0.023992815,0,0,0,0,0,0,0,0,0,Observed
14675,342,CUSTOMER,Tablet,2/17/2019,0.02330494,0,0,0,0,0,0,0,0,0,Observed
14472,386,CUSTOMER,Tablet,2/18/2019,0.026672195,0,0,0,0,1,0,0,1,0,Observed
13915,265,CUSTOMER,Tablet,2/19/2019,0.019044197,0,0,0,0,0,0,0,0,0,Observed
16598,333,CUSTOMER,Tablet,2/20/2019,0.020062658,0,0,0,0,0,0,0,0,0,Observed
16735,362,CUSTOMER,Tablet,2/21/2019,0.021631312,0,0,0,0,0,0,0,0,0,Observed
1827,35,CUSTOMER,Tablet,2/22/2019,0.019157088,1,1,1,1,1,1,0,1,0,Observed
16956,491,CUSTOMER,Tablet,2/23/2019,0.028957301,0,0,0,1,0,0,1,0,0,Observed
16051,412,CUSTOMER,Tablet,2/24/2019,0.025668183,0,0,0,0,0,0,0,0,0,Observed
12712,345,CUSTOMER,Tablet,2/25/2019,0.027139711,0,0,0,0,0,0,0,0,0,Observed
13496,350,CUSTOMER,Tablet,2/26/2019,0.02593361,0,0,0,0,0,0,0,0,0,Observed
13761,370,CUSTOMER,Tablet,2/27/2019,0.026887581,0,0,0,0,0,0,0,0,0,Observed
12091,310,CUSTOMER,Tablet,2/28/2019,0.025638905,0,1,0,0,0,0,0,0,0,Observed
16156,383,CUSTOMER,Tablet,3/1/2019,0.023706363,0,0,0,0,0,0,0,1,0,Observed
16966,556,CUSTOMER,Tablet,3/2/2019,0.032771425,0,0,0,1,1,0,1,0,0,Observed
16062,467,CUSTOMER,Tablet,3/3/2019,0.029074835,0,0,0,0,0,0,0,0,0,Observed
13987,372,CUSTOMER,Tablet,3/4/2019,0.026596125,0,0,0,0,0,0,0,0,0,Observed
13119,356,CUSTOMER,Tablet,3/5/2019,0.027136215,0,0,0,0,0,0,0,0,0,Observed
13354,381,CUSTOMER,Tablet,3/6/2019,0.028530777,0,0,0,0,0,0,0,1,0,Observed
7143,149,CUSTOMER,Tablet,3/7/2019,0.020859583,1,1,1,1,1,1,1,0,0,Observed
15535,431,CUSTOMER,Tablet,3/9/2019,0.027743804,0,0,0,0,0,0,0,0,0,Observed
15064,386,CUSTOMER,Tablet,3/10/2019,0.025624004,0,0,0,0,0,0,0,0,0,Observed
13290,326,CUSTOMER,Tablet,3/11/2019,0.024529722,0,0,0,0,0,0,0,0,0,Observed
13030,291,CUSTOMER,Tablet,3/12/2019,0.022333078,0,0,0,0,0,0,0,0,0,Observed
14354,322,CUSTOMER,Tablet,3/13/2019,0.022432771,0,0,0,0,0,0,0,0,0,Observed
16640,295,CUSTOMER,Tablet,3/14/2019,0.017728365,0,1,0,0,0,0,0,0,0,Observed
14116,322,CUSTOMER,Tablet,3/15/2019,0.022810995,0,0,0,0,0,0,0,0,0,Observed
14494,405,CUSTOMER,Tablet,3/16/2019,0.027942597,0,0,0,0,0,0,0,0,0,Observed
13710,356,CUSTOMER,Tablet,3/17/2019,0.025966448,0,0,0,0,0,0,0,0,0,Observed
12733,317,CUSTOMER,Tablet,3/18/2019,0.02489594,0,0,0,0,0,0,0,0,0,Observed
13839,317,CUSTOMER,Tablet,3/19/2019,0.022906279,0,0,0,0,0,0,0,0,0,Observed
15423,361,CUSTOMER,Tablet,3/20/2019,0.023406601,0,0,0,0,0,0,0,0,0,Observed
7882,142,CUSTOMER,Tablet,3/21/2019,0.018015732,1,1,1,1,1,0,0,0,0,Observed
17231,314,CUSTOMER,Tablet,3/22/2019,0.01822297,1,0,0,0,0,0,0,0,0,Observed
16224,416,CUSTOMER,Tablet,3/23/2019,0.025641026,0,0,0,1,0,0,0,0,0,Observed
15487,414,CUSTOMER,Tablet,3/24/2019,0.026732098,0,0,0,0,0,0,0,0,0,Observed
14217,327,CUSTOMER,Tablet,3/25/2019,0.023000633,1,0,0,0,0,0,0,0,0,Observed
13932,296,CUSTOMER,Tablet,3/26/2019,0.021246052,1,0,0,0,0,0,0,0,0,Observed
413,2,CUSTOMER,Tablet,3/27/2019,0.004842615,1,1,1,1,1,1,1,1,1,Observed
4031,48,CUSTOMER,Tablet,3/28/2019,0.011907715,1,1,1,1,1,1,0,1,0,Observed
15102,303,CUSTOMER,Tablet,3/29/2019,0.020063568,1,0,0,0,0,0,1,0,0,Observed
16125,464,CUSTOMER,Tablet,3/30/2019,0.028775194,1,0,0,1,0,0,1,0,0,Observed
16201,409,CUSTOMER,Tablet,3/31/2019,0.025245355,0,0,0,0,0,0,0,0,0,Observed
3956,10,PROSPECT,Tablet,2/1/2019,0.002527806,0,0,0,0,0,0,0,0,0,Observed
3923,8,PROSPECT,Tablet,2/2/2019,0.002039256,1,0,0,0,0,0,0,0,0,Observed
1605,4,PROSPECT,Tablet,2/3/2019,0.002492212,1,1,0,0,0,0,0,0,0,Observed
1718,6,PROSPECT,Tablet,2/4/2019,0.003492433,0,1,0,0,0,0,0,0,0,Observed
2844,4,PROSPECT,Tablet,2/5/2019,0.00140647,0,0,0,0,0,0,0,0,0,Observed
3428,7,PROSPECT,Tablet,2/6/2019,0.002042007,0,0,0,0,0,0,0,0,0,Observed
3191,5,PROSPECT,Tablet,2/7/2019,0.001566907,0,0,0,0,0,0,0,0,0,Observed
2802,8,PROSPECT,Tablet,2/8/2019,0.002855103,0,1,0,0,0,0,0,0,0,Observed
4242,10,PROSPECT,Tablet,2/9/2019,0.002357379,1,0,0,0,0,0,0,0,0,Observed
4433,8,PROSPECT,Tablet,2/10/2019,0.001804647,0,0,0,0,0,0,0,0,0,Observed
4135,13,PROSPECT,Tablet,2/11/2019,0.003143894,0,0,0,0,0,0,0,0,0,Observed
4297,6,PROSPECT,Tablet,2/12/2019,0.001396323,0,0,0,0,0,0,0,0,0,Observed
3924,16,PROSPECT,Tablet,2/13/2019,0.004077472,0,0,0,0,0,0,0,0,0,Observed
3754,15,PROSPECT,Tablet,2/14/2019,0.003995738,0,0,0,0,0,0,0,0,0,Observed
3739,9,PROSPECT,Tablet,2/15/2019,0.002407061,0,0,0,0,0,0,0,0,0,Observed
4192,10,PROSPECT,Tablet,2/16/2019,0.002385496,0,0,0,0,0,0,0,0,0,Observed
3693,7,PROSPECT,Tablet,2/17/2019,0.001895478,0,0,0,0,0,0,0,0,0,Observed
2954,5,PROSPECT,Tablet,2/18/2019,0.00169262,0,0,0,0,0,0,0,0,0,Observed
2941,3,PROSPECT,Tablet,2/19/2019,0.001020061,0,1,0,0,0,0,0,0,0,Observed
4206,10,PROSPECT,Tablet,2/20/2019,0.002377556,1,0,0,0,0,0,0,0,0,Observed
4401,5,PROSPECT,Tablet,2/21/2019,0.001136105,0,1,0,0,0,0,0,0,0,Observed
435,4,PROSPECT,Tablet,2/22/2019,0.009195402,1,1,1,0,0,0,1,1,1,Observed
3512,10,PROSPECT,Tablet,2/23/2019,0.00284738,0,0,0,0,0,0,0,0,0,Observed
3368,6,PROSPECT,Tablet,2/24/2019,0.001781473,0,0,0,0,0,0,0,0,0,Observed
2415,4,PROSPECT,Tablet,2/25/2019,0.001656315,0,0,0,0,0,0,0,0,0,Observed
3079,10,PROSPECT,Tablet,2/26/2019,0.003247808,0,0,0,0,0,0,0,0,0,Observed
2816,8,PROSPECT,Tablet,2/27/2019,0.002840909,0,0,0,0,0,0,0,0,0,Observed
2891,7,PROSPECT,Tablet,2/28/2019,0.002421308,0,0,0,0,0,0,0,0,0,Observed
3314,14,PROSPECT,Tablet,3/1/2019,0.004224502,0,0,0,0,0,0,0,0,0,Observed
3449,12,PROSPECT,Tablet,3/2/2019,0.003479269,0,0,0,0,0,0,0,0,0,Observed
3524,10,PROSPECT,Tablet,3/3/2019,0.002837684,0,0,0,0,0,0,0,0,0,Observed
3155,14,PROSPECT,Tablet,3/4/2019,0.004437401,0,0,0,0,0,0,0,0,0,Observed
2817,10,PROSPECT,Tablet,3/5/2019,0.003549876,0,0,0,0,0,0,0,0,0,Observed
3076,11,PROSPECT,Tablet,3/6/2019,0.003576073,0,0,0,0,0,0,0,0,0,Observed
1471,4,PROSPECT,Tablet,3/7/2019,0.002719239,1,1,0,0,0,0,0,0,0,Observed
2576,2,PROSPECT,Tablet,3/9/2019,7.76E-04,0,0,0,0,0,0,0,0,0,Observed
3290,10,PROSPECT,Tablet,3/10/2019,0.003039514,0,0,0,0,0,0,0,0,0,Observed
2957,9,PROSPECT,Tablet,3/11/2019,0.003043625,0,0,0,0,0,0,0,0,0,Observed
3107,14,PROSPECT,Tablet,3/12/2019,0.004505954,0,0,0,0,0,0,0,0,0,Observed
3156,5,PROSPECT,Tablet,3/13/2019,0.001584284,0,0,0,0,0,0,0,0,0,Observed
2847,6,PROSPECT,Tablet,3/14/2019,0.002107482,0,0,0,0,0,0,0,0,0,Observed
2491,12,PROSPECT,Tablet,3/15/2019,0.004817342,0,0,0,0,0,0,0,0,0,Observed
3358,6,PROSPECT,Tablet,3/16/2019,0.001786778,0,0,0,0,0,0,0,0,0,Observed
3474,11,PROSPECT,Tablet,3/17/2019,0.003166379,0,0,0,0,0,0,0,0,0,Observed
3215,3,PROSPECT,Tablet,3/18/2019,9.33E-04,0,0,0,0,0,0,0,0,0,Observed
3071,8,PROSPECT,Tablet,3/19/2019,0.002605015,0,0,0,0,0,0,0,0,0,Observed
2772,12,PROSPECT,Tablet,3/20/2019,0.004329004,0,0,0,0,0,0,0,1,0,Observed
1451,3,PROSPECT,Tablet,3/21/2019,0.00206754,1,1,0,0,1,0,0,0,0,Observed
3099,14,PROSPECT,Tablet,3/22/2019,0.004517586,0,0,0,0,0,0,0,0,0,Observed
3694,8,PROSPECT,Tablet,3/23/2019,0.002165674,1,0,0,0,0,0,0,0,0,Observed
3773,8,PROSPECT,Tablet,3/24/2019,0.002120329,0,0,0,0,0,0,0,0,0,Observed
3597,11,PROSPECT,Tablet,3/25/2019,0.003058104,0,0,0,0,0,0,0,0,0,Observed
3336,18,PROSPECT,Tablet,3/26/2019,0.005395683,0,0,0,0,1,0,0,1,0,Observed
142,0,PROSPECT,Tablet,3/27/2019,0,1,1,1,0,0,0,1,0,0,Observed
804,1,PROSPECT,Tablet,3/28/2019,0.001243781,0,1,1,0,0,0,0,0,0,Observed
2675,7,PROSPECT,Tablet,3/29/2019,0.002616822,1,0,0,0,0,0,0,0,0,Observed
3854,5,PROSPECT,Tablet,3/30/2019,0.001297353,1,1,0,0,0,0,0,0,0,Observed
3235,7,PROSPECT,Tablet,3/31/2019,0.002163833,0,0,0,0,0,0,0,0,0,Observed
21371,40,UNDETERMINED,Tablet,2/1/2019,0.001871695,0,0,0,1,0,0,0,0,0,Observed
24742,50,UNDETERMINED,Tablet,2/2/2019,0.002020855,0,0,0,0,0,0,0,0,0,Observed
29660,157,UNDETERMINED,Tablet,2/3/2019,0.005293324,0,1,0,1,1,1,1,1,1,Observed
29149,179,UNDETERMINED,Tablet,2/4/2019,0.006140862,0,1,0,1,1,1,0,1,1,Observed
21429,41,UNDETERMINED,Tablet,2/5/2019,0.001913295,0,0,0,0,0,0,1,0,0,Observed
22085,37,UNDETERMINED,Tablet,2/6/2019,0.001675345,0,0,0,1,0,0,0,0,0,Observed
24334,42,UNDETERMINED,Tablet,2/7/2019,0.00172598,0,0,0,0,0,0,0,0,0,Observed
25157,41,UNDETERMINED,Tablet,2/8/2019,0.001629765,0,0,0,0,0,0,0,0,0,Observed
26137,32,UNDETERMINED,Tablet,2/9/2019,0.001224318,0,0,0,0,0,0,0,0,0,Observed
25654,47,UNDETERMINED,Tablet,2/10/2019,0.001832073,0,0,0,0,0,0,0,0,0,Observed
24423,41,UNDETERMINED,Tablet,2/11/2019,0.001678745,0,0,0,1,0,0,0,0,0,Observed
22769,42,UNDETERMINED,Tablet,2/12/2019,0.001844613,0,0,0,0,0,0,0,0,0,Observed
20899,50,UNDETERMINED,Tablet,2/13/2019,0.002392459,0,0,0,0,0,0,0,0,0,Observed
19510,29,UNDETERMINED,Tablet,2/14/2019,0.001486417,0,0,0,0,1,0,0,0,0,Observed
20734,59,UNDETERMINED,Tablet,2/15/2019,0.002845568,0,0,0,0,0,0,0,0,0,Observed
23217,49,UNDETERMINED,Tablet,2/16/2019,0.002110522,0,0,0,0,0,0,0,0,0,Observed
24943,52,UNDETERMINED,Tablet,2/17/2019,0.002084753,0,0,0,0,0,0,0,0,0,Observed
23521,54,UNDETERMINED,Tablet,2/18/2019,0.002295821,0,0,0,1,0,0,0,0,0,Observed
20888,70,UNDETERMINED,Tablet,2/19/2019,0.003351206,0,0,0,0,0,0,0,0,0,Observed
25169,101,UNDETERMINED,Tablet,2/20/2019,0.004012873,0,0,0,0,0,0,0,0,0,Observed
22683,54,UNDETERMINED,Tablet,2/21/2019,0.002380637,0,0,0,1,1,0,0,0,0,Observed
41597,609,UNDETERMINED,Tablet,2/22/2019,0.014640479,1,1,1,1,1,1,1,1,1,Observed
25279,53,UNDETERMINED,Tablet,2/23/2019,0.002096602,0,0,0,1,0,0,1,0,0,Observed
27062,58,UNDETERMINED,Tablet,2/24/2019,0.002143227,0,0,0,0,0,0,0,0,0,Observed
22099,58,UNDETERMINED,Tablet,2/25/2019,0.002624553,0,0,0,0,0,0,0,0,0,Observed
18940,47,UNDETERMINED,Tablet,2/26/2019,0.002481521,0,0,0,0,0,0,0,0,0,Observed
20483,59,UNDETERMINED,Tablet,2/27/2019,0.002880437,0,0,0,0,0,0,0,0,0,Observed
17795,61,UNDETERMINED,Tablet,2/28/2019,0.003427929,0,0,0,0,0,0,0,0,0,Observed
18099,61,UNDETERMINED,Tablet,3/1/2019,0.003370352,0,0,0,0,0,0,0,0,0,Observed
20217,56,UNDETERMINED,Tablet,3/2/2019,0.002769946,0,0,0,0,0,0,0,0,0,Observed
19324,47,UNDETERMINED,Tablet,3/3/2019,0.002432209,0,0,0,0,0,0,0,0,0,Observed
17209,54,UNDETERMINED,Tablet,3/4/2019,0.003137893,0,0,0,0,0,0,0,0,0,Observed
17879,50,UNDETERMINED,Tablet,3/5/2019,0.002796577,0,0,0,0,0,0,0,0,0,Observed
17846,47,UNDETERMINED,Tablet,3/6/2019,0.002633643,0,0,0,1,0,0,1,0,0,Observed
17178,106,UNDETERMINED,Tablet,3/7/2019,0.006170683,0,0,0,1,1,1,1,1,1,Observed
36927,407,UNDETERMINED,Tablet,3/8/2019,0.011021746,1,1,1,1,1,1,1,1,1,Observed
19680,49,UNDETERMINED,Tablet,3/9/2019,0.002489837,1,0,0,1,0,0,0,0,0,Observed
19688,54,UNDETERMINED,Tablet,3/10/2019,0.002742787,0,0,0,0,0,0,0,0,0,Observed
17411,36,UNDETERMINED,Tablet,3/11/2019,0.002067658,0,0,0,0,0,0,0,0,0,Observed
17273,69,UNDETERMINED,Tablet,3/12/2019,0.003994674,0,0,0,0,1,0,1,1,0,Observed
18732,32,UNDETERMINED,Tablet,3/13/2019,0.001708307,0,0,0,0,0,0,1,0,0,Observed
19702,54,UNDETERMINED,Tablet,3/14/2019,0.002740838,0,0,0,0,0,0,0,0,0,Observed
18670,50,UNDETERMINED,Tablet,3/15/2019,0.002678093,0,0,0,0,0,0,1,0,0,Observed
20986,56,UNDETERMINED,Tablet,3/16/2019,0.002668446,0,0,0,0,0,0,0,0,0,Observed
20290,52,UNDETERMINED,Tablet,3/17/2019,0.002562839,0,0,0,0,0,0,1,0,0,Observed
15693,44,UNDETERMINED,Tablet,3/18/2019,0.002803798,0,0,0,1,0,0,0,0,0,Observed
15456,67,UNDETERMINED,Tablet,3/19/2019,0.004334886,0,0,0,0,0,0,1,0,0,Observed
18891,91,UNDETERMINED,Tablet,3/20/2019,0.004817109,0,0,0,1,0,0,0,0,0,Observed
29032,240,UNDETERMINED,Tablet,3/21/2019,0.00826674,1,1,0,1,1,1,1,1,1,Observed
21237,94,UNDETERMINED,Tablet,3/22/2019,0.004426237,0,0,0,0,0,0,0,0,0,Observed
23609,52,UNDETERMINED,Tablet,3/23/2019,0.00220255,0,0,0,0,0,0,1,0,0,Observed
23377,61,UNDETERMINED,Tablet,3/24/2019,0.002609402,0,0,0,0,0,0,0,0,0,Observed
19895,45,UNDETERMINED,Tablet,3/25/2019,0.002261875,0,0,0,1,0,0,1,0,0,Observed
20906,94,UNDETERMINED,Tablet,3/26/2019,0.004496317,0,0,0,1,0,0,0,0,0,Observed
38170,406,UNDETERMINED,Tablet,3/27/2019,0.010636626,1,1,1,1,1,1,1,1,1,Observed
35277,296,UNDETERMINED,Tablet,3/28/2019,0.008390736,0,1,1,1,1,1,1,1,1,Observed
23803,63,UNDETERMINED,Tablet,3/29/2019,0.002646725,0,0,0,0,0,0,0,1,0,Observed
23696,62,UNDETERMINED,Tablet,3/30/2019,0.002616475,0,0,0,1,0,0,1,1,0,Observed
22765,91,UNDETERMINED,Tablet,3/31/2019,0.003997364,0,0,0,1,0,0,1,0,0,Observed
672542.8807,6262.574194,All Visitors,All Devices,4/1/2019,0.009439392,,,,,,,,,,Forecast
665168.2733,6062.157744,All Visitors,All Devices,4/2/2019,0.009320047,,,,,,,,,,Forecast
671719.3639,6427.335692,All Visitors,All Devices,4/3/2019,0.009099385,,,,,,,,,,Forecast
682246.1111,6121.4258,All Visitors,All Devices,4/4/2019,0.008820843,,,,,,,,,,Forecast
702023.9741,6983.888102,All Visitors,All Devices,4/5/2019,0.008628703,,,,,,,,,,Forecast
637070.1994,5562.771498,All Visitors,All Devices,4/6/2019,0.00860838,,,,,,,,,,Forecast
622812.9817,5112.894716,All Visitors,All Devices,4/7/2019,0.008713157,,,,,,,,,,Forecast
359510.5684,1342.593491,All Visitors,Mobile Phone,4/1/2019,0.004210003,,,,,,,,,,Forecast
361284.9737,1334.834743,All Visitors,Mobile Phone,4/2/2019,0.004256448,,,,,,,,,,Forecast
375977.6707,1551.240032,All Visitors,Mobile Phone,4/3/2019,0.004267326,,,,,,,,,,Forecast
382677.9026,1467.132552,All Visitors,Mobile Phone,4/4/2019,0.004304832,,,,,,,,,,Forecast
395681.4276,1799.38121,All Visitors,Mobile Phone,4/5/2019,0.004317945,,,,,,,,,,Forecast
401227.618,1521.807218,All Visitors,Mobile Phone,4/6/2019,0.004363189,,,,,,,,,,Forecast
396455.5756,1400.488834,All Visitors,Mobile Phone,4/7/2019,0.004408636,,,,,,,,,,Forecast
267372.8355,4425.379029,All Visitors,Desktop,4/1/2019,0.017297933,,,,,,,,,,Forecast
263482.6821,4277.976056,All Visitors,Desktop,4/2/2019,0.016791709,,,,,,,,,,Forecast
257605.9771,4487.331101,All Visitors,Desktop,4/3/2019,0.016285618,,,,,,,,,,Forecast
258553.3223,4282.193267,All Visitors,Desktop,4/4/2019,0.016048795,,,,,,,,,,Forecast
265303.8234,4829.41476,All Visitors,Desktop,4/5/2019,0.01597645,,,,,,,,,,Forecast
193778.2004,3463.919856,All Visitors,Desktop,4/6/2019,0.016042196,,,,,,,,,,Forecast
183047.9258,3233.739874,All Visitors,Desktop,4/7/2019,0.015994426,,,,,,,,,,Forecast
38135.30405,416.7491437,All Visitors,Tablet,4/1/2019,0.010849019,,,,,,,,,,Forecast
37541.1121,400.6722477,All Visitors,Tablet,4/2/2019,0.011159302,,,,,,,,,,Forecast
39270.94349,418.901931,All Visitors,Tablet,4/3/2019,0.011602097,,,,,,,,,,Forecast
39107.14655,370.5728568,All Visitors,Tablet,4/4/2019,0.010847844,,,,,,,,,,Forecast
41140.65269,452.7934638,All Visitors,Tablet,4/5/2019,0.010988851,,,,,,,,,,Forecast
44134.67204,521.975753,All Visitors,Tablet,4/6/2019,0.01217941,,,,,,,,,,Forecast
43793.41735,471.6363228,All Visitors,Tablet,4/7/2019,0.011778034,,,,,,,,,,Forecast
171659.4638,4228.558588,CUSTOMER,All Devices,4/1/2019,0.021877992,,,,,,,,,,Forecast
177777.4814,4416.915673,CUSTOMER,All Devices,4/2/2019,0.016345876,,,,,,,,,,Forecast
163937.7326,3942.486321,CUSTOMER,All Devices,4/3/2019,0.017592801,,,,,,,,,,Forecast
162486.751,4003.362573,CUSTOMER,All Devices,4/4/2019,0.019122327,,,,,,,,,,Forecast
188665.3849,4245.202933,CUSTOMER,All Devices,4/5/2019,0.019903906,,,,,,,,,,Forecast
151192.4978,3556.481673,CUSTOMER,All Devices,4/6/2019,0.020352735,,,,,,,,,,Forecast
141102.8042,3972.531905,CUSTOMER,All Devices,4/7/2019,0.020006185,,,,,,,,,,Forecast
37540.0787,188.3174512,PROSPECT,All Devices,4/1/2019,0.004140873,,,,,,,,,,Forecast
35465.86831,192.85518,PROSPECT,All Devices,4/2/2019,0.004535733,,,,,,,,,,Forecast
23773.33389,171.5082065,PROSPECT,All Devices,4/3/2019,0.003715791,,,,,,,,,,Forecast
27324.9163,200.2645908,PROSPECT,All Devices,4/4/2019,0.004620553,,,,,,,,,,Forecast
35434.91286,211.0686724,PROSPECT,All Devices,4/5/2019,0.00438319,,,,,,,,,,Forecast
34709.71831,187.1012379,PROSPECT,All Devices,4/6/2019,0.004522638,,,,,,,,,,Forecast
34193.19598,174.9508954,PROSPECT,All Devices,4/7/2019,0.004495493,,,,,,,,,,Forecast
405682.516,946.8785555,UNDETERMINED,All Devices,4/1/2019,0.002941045,,,,,,,,,,Forecast
377884.7414,932.0431252,UNDETERMINED,All Devices,4/2/2019,0.003673345,,,,,,,,,,Forecast
430462.4869,1667.851516,UNDETERMINED,All Devices,4/3/2019,0.003554734,,,,,,,,,,Forecast
455666.1862,1911.964747,UNDETERMINED,All Devices,4/4/2019,0.003118154,,,,,,,,,,Forecast
464152.1869,3394.738792,UNDETERMINED,All Devices,4/5/2019,0.003269512,,,,,,,,,,Forecast
380303.8033,963.2700357,UNDETERMINED,All Devices,4/6/2019,0.003369694,,,,,,,,,,Forecast
374640.9754,796.5565631,UNDETERMINED,All Devices,4/7/2019,0.003428517,,,,,,,,,,Forecast
76966.41882,899.0725964,CUSTOMER,Mobile Phone,4/1/2019,0.009743715,,,,,,,,,,Forecast
62991.29969,792.2070223,CUSTOMER,Mobile Phone,4/2/2019,0.010009759,,,,,,,,,,Forecast
83531.75199,768.6494276,CUSTOMER,Mobile Phone,4/3/2019,0.009214486,,,,,,,,,,Forecast
83882.84715,821.4658391,CUSTOMER,Mobile Phone,4/4/2019,0.010027886,,,,,,,,,,Forecast
90813.08517,840.4504418,CUSTOMER,Mobile Phone,4/5/2019,0.009619869,,,,,,,,,,Forecast
78612.89461,805.7461146,CUSTOMER,Mobile Phone,4/6/2019,0.00973891,,,,,,,,,,Forecast
83012.5612,991.9513788,CUSTOMER,Mobile Phone,4/7/2019,0.010529845,,,,,,,,,,Forecast
22763.63249,89.68660477,PROSPECT,Mobile Phone,4/1/2019,0.003636316,,,,,,,,,,Forecast
21031.55754,89.2530343,PROSPECT,Mobile Phone,4/2/2019,0.004419774,,,,,,,,,,Forecast
12487.03181,78.52573692,PROSPECT,Mobile Phone,4/3/2019,0.003653131,,,,,,,,,,Forecast
14634.71334,100.1559079,PROSPECT,Mobile Phone,4/4/2019,0.004408122,,,,,,,,,,Forecast
21959.4091,100.4737686,PROSPECT,Mobile Phone,4/5/2019,0.00426392,,,,,,,,,,Forecast
25869.37253,92.70972568,PROSPECT,Mobile Phone,4/6/2019,0.004398056,,,,,,,,,,Forecast
24099.98481,89.2270919,PROSPECT,Mobile Phone,4/7/2019,0.004275065,,,,,,,,,,Forecast
242127.1477,328.550039,UNDETERMINED,Mobile Phone,4/1/2019,0.00205624,,,,,,,,,,Forecast
247270.1203,307.8640677,UNDETERMINED,Mobile Phone,4/2/2019,0.002154585,,,,,,,,,,Forecast
309444.3683,516.2615846,UNDETERMINED,Mobile Phone,4/3/2019,0.002084508,,,,,,,,,,Forecast
305333.8434,527.1456098,UNDETERMINED,Mobile Phone,4/4/2019,0.001998168,,,,,,,,,,Forecast
264794.8811,917.2153368,UNDETERMINED,Mobile Phone,4/5/2019,0.002044679,,,,,,,,,,Forecast
258686.4522,353.9506916,UNDETERMINED,Mobile Phone,4/6/2019,0.002076812,,,,,,,,,,Forecast
256501.0321,270.0022425,UNDETERMINED,Mobile Phone,4/7/2019,0.002097729,,,,,,,,,,Forecast
92913.41537,2724.289416,CUSTOMER,Desktop,4/1/2019,0.028654754,,,,,,,,,,Forecast
100108.7724,3453.147765,CUSTOMER,Desktop,4/2/2019,0.023872536,,,,,,,,,,Forecast
62131.18924,2873.311207,CUSTOMER,Desktop,4/3/2019,0.022287009,,,,,,,,,,Forecast
67195.17156,2947.582854,CUSTOMER,Desktop,4/4/2019,0.024760547,,,,,,,,,,Forecast
96360.66397,3237.96125,CUSTOMER,Desktop,4/5/2019,0.026209177,,,,,,,,,,Forecast
58398.70065,2599.631476,CUSTOMER,Desktop,4/6/2019,0.026788003,,,,,,,,,,Forecast
51660.11706,2593.289183,CUSTOMER,Desktop,4/7/2019,0.025989714,,,,,,,,,,Forecast
11025.79428,84.2227159,PROSPECT,Desktop,4/1/2019,0.004198129,,,,,,,,,,Forecast
11388.75295,97.12281799,PROSPECT,Desktop,4/2/2019,0.003372464,,,,,,,,,,Forecast
6877.39466,83.89462218,PROSPECT,Desktop,4/3/2019,0.005134322,,,,,,,,,,Forecast
8185.7566,98.64645484,PROSPECT,Desktop,4/4/2019,0.005348167,,,,,,,,,,Forecast
10060.19648,97.37220732,PROSPECT,Desktop,4/5/2019,0.005680496,,,,,,,,,,Forecast
6578.016966,79.61036133,PROSPECT,Desktop,4/6/2019,0.005331447,,,,,,,,,,Forecast
6256.269274,78.04637824,PROSPECT,Desktop,4/7/2019,0.005135056,,,,,,,,,,Forecast
158804.405,683.159718,UNDETERMINED,Desktop,4/1/2019,0.003952542,,,,,,,,,,Forecast
140507.6743,521.3336182,UNDETERMINED,Desktop,4/2/2019,0.0055669,,,,,,,,,,Forecast
151133.4209,1113.286231,UNDETERMINED,Desktop,4/3/2019,0.005240518,,,,,,,,,,Forecast
157802.4583,1200.076658,UNDETERMINED,Desktop,4/4/2019,0.003873611,,,,,,,,,,Forecast
169814.7633,2168.042373,UNDETERMINED,Desktop,4/5/2019,0.004376805,,,,,,,,,,Forecast
112934.9223,444.2867288,UNDETERMINED,Desktop,4/6/2019,0.004676943,,,,,,,,,,Forecast
109263.236,-24.26049151,UNDETERMINED,Desktop,4/7/2019,0.004684463,,,,,,,,,,Forecast
12544.44522,364.8849513,CUSTOMER,Tablet,4/1/2019,0.01822349,,,,,,,,,,Forecast
10761.73386,312.633683,CUSTOMER,Tablet,4/2/2019,0.016357842,,,,,,,,,,Forecast
9533.33762,284.8727914,CUSTOMER,Tablet,4/3/2019,0.015342056,,,,,,,,,,Forecast
9770.748957,261.970496,CUSTOMER,Tablet,4/4/2019,0.024372737,,,,,,,,,,Forecast
12130.05419,270.3951587,CUSTOMER,Tablet,4/5/2019,0.026677077,,,,,,,,,,Forecast
12056.51429,323.3113242,CUSTOMER,Tablet,4/6/2019,0.026578401,,,,,,,,,,Forecast
13244.521,429.6697151,CUSTOMER,Tablet,4/7/2019,0.023474752,,,,,,,,,,Forecast
2911.62674,7.136830213,PROSPECT,Tablet,4/1/2019,0.00300136,,,,,,,,,,Forecast
2625.524239,10.17563655,PROSPECT,Tablet,4/2/2019,0.003531607,,,,,,,,,,Forecast
1418.339754,6.232744428,PROSPECT,Tablet,4/3/2019,0.00298932,,,,,,,,,,Forecast
1766.276185,8.105575324,PROSPECT,Tablet,4/4/2019,0.002666408,,,,,,,,,,Forecast
2858.259943,8.847639469,PROSPECT,Tablet,4/5/2019,0.002700842,,,,,,,,,,Forecast
3360.918538,6.830529556,PROSPECT,Tablet,4/6/2019,0.002482644,,,,,,,,,,Forecast
3110.894647,9.662851343,PROSPECT,Tablet,4/7/2019,0.002339005,,,,,,,,,,Forecast
22052.13526,71.22456421,UNDETERMINED,Tablet,4/1/2019,0.003335869,,,,,,,,,,Forecast
21528.3717,55.21956327,UNDETERMINED,Tablet,4/2/2019,0.004318911,,,,,,,,,,Forecast
27023.69563,108.9659976,UNDETERMINED,Tablet,4/3/2019,0.004428882,,,,,,,,,,Forecast
26537.98728,94.55098156,UNDETERMINED,Tablet,4/4/2019,0.003338038,,,,,,,,,,Forecast
23881.00927,172.8250624,UNDETERMINED,Tablet,4/5/2019,0.003233252,,,,,,,,,,Forecast
22907.71238,30.79574109,UNDETERMINED,Tablet,4/6/2019,0.003681191,,,,,,,,,,Forecast
22663.82372,62.95193886,UNDETERMINED,Tablet,4/7/2019,0.003586055,,,,,,,,,,Forecast
